552783667052167168,0.27070188522338867,-0.8022334575653076
552785374507175936,0.5607541799545288,-0.5695573687553406
552786226546495488,0.8701594471931458,-0.39075011014938354
552789345628069888,0.8038042187690735,-0.040187496691942215
552789153403109376,0.44134458899497986,-0.6825048327445984
552790281276628992,0.15087103843688965,-0.9341858625411987
552792862610694144,-0.11404910683631897,-0.7458494901657104
552943855021330432,0.3792037069797516,-0.8798776268959045
552785375161499649,0.7109183073043823,-0.2543982267379761
552785851655393281,0.528721809387207,-0.06394657492637634
552785877748158464,0.928718090057373,-0.1046038269996643
552788073340489728,0.6226211786270142,-0.5282700657844543
552791196247269378,0.5685663819313049,-0.013395527377724648
552791516360765440,0.7234212756156921,-0.1959613859653473
552791567401238529,0.8968479037284851,-0.1007261723279953
552791830476386306,0.9133678674697876,-0.13674408197402954
552793021256056833,0.8763201832771301,-0.2576412856578827
552792023078825984,0.9570462703704834,-0.05894940719008446
552792048173334528,0.10905536264181137,0.2333328127861023
552925665293778945,-0.21149834990501404,0.4228993356227875
552792055122886656,0.9107006192207336,0.04816371202468872
552792212056993792,0.5548421144485474,0.29015210270881653
552792555944153088,0.15072429180145264,0.20852015912532806
552792564554678272,0.2792029082775116,-0.17773868143558502
552792656552939523,0.09611507505178452,0.05725826323032379
552792955052761088,0.4732881188392639,-0.45873141288757324
552794765331144705,0.3412337899208069,-0.829975962638855
552796152295219200,0.02688063494861126,-0.8718277812004089
552792980658987009,0.5039005279541016,-0.35116153955459595
552826438798172160,0.6619778275489807,-0.6460424661636353
552793325733183488,0.46271654963493347,0.28561851382255554
552794023258099713,0.905312716960907,-0.014319270849227905
552794111447941121,0.45242759585380554,-0.23897282779216766
552795069691232258,0.6311264634132385,0.25734439492225647
552795629768814592,0.9585839509963989,-0.0092850336804986
552791578893619200,-0.2970268130302429,-0.2752261459827423
552791675379400705,0.13155023753643036,-0.17484140396118164
552824748879925248,0.49929583072662354,-0.04772159829735756
552792030225920000,-0.572095513343811,-0.39521127939224243
552792351413133312,-0.4292067587375641,-0.05936533585190773
552792826216329217,-0.532078206539154,-0.5087137818336487
552793048510648320,-0.3567630648612976,-0.0035727417562156916
552794374950887425,-0.3801964521408081,-0.05974096804857254
552795016725532672,-0.5527592301368713,-0.48495322465896606
552795831599120384,0.006648426875472069,-0.19283992052078247
552795888134144001,-0.3087870180606842,-0.5427154898643494
552795898196291584,-0.10646622627973557,-0.4257940948009491
552796077561094144,-0.3790971040725708,-0.5529179573059082
552796307627470848,-0.38299721479415894,-0.022579941898584366
552797785427558401,-0.5393074750900269,-0.25924113392829895
552808830598262785,-0.5814009308815002,-0.3347525894641876
552810884314443776,-0.23564593493938446,-0.5008872747421265
552818611015131136,-0.3453618884086609,0.2235170304775238
552826072237346817,-0.334556519985199,0.6536552309989929
552822387448631296,0.14894472062587738,-0.4746936857700348
552825507340091392,0.5482275485992432,-0.5899235606193542
552792544132997121,0.05998319387435913,0.6060274839401245
552792742842363905,0.3686014711856842,0.5796656012535095
552794125167493120,0.21933598816394806,0.8806682825088501
552795993553764354,-0.3126617968082428,0.505517303943634
552798917541511169,-0.3797720670700073,0.057401105761528015
552805237510385664,-0.3079053461551666,-0.3955473303794861
552805439474515968,-0.6128008961677551,-0.43589991331100464
552805557896482816,0.16921304166316986,-0.43851691484451294
552805909425307648,0.41763386130332947,-0.6408184170722961
552806009157464064,0.21881091594696045,-0.06589029729366302
552806259767123968,0.5083668231964111,-0.34429484605789185
552806489363337217,0.27343741059303284,-0.36141228675842285
552808594228670465,0.7894573211669922,-0.22758163511753082
552806438629048320,0.12477754056453705,-0.7185192704200745
552806661149425664,0.13630177080631256,-0.9999999403953552
552816964436230144,-0.5033706426620483,-0.702936053276062
552798994456674304,-0.5242372751235962,0.7863063216209412
552800910670569472,0.0023274056147783995,0.3070065379142761
552792802309181440,0.5794212818145752,0.031716931611299515
552793142693744640,0.657296895980835,0.2986896336078644
552793785747660801,0.5495814085006714,-0.26661059260368347
552793899522355200,0.22886526584625244,-0.3388257324695587
552795124288073729,0.07678677886724472,-0.6661642789840698
552793901866971136,0.9845834970474243,0.0643705427646637
552795463850930176,0.9716141223907471,0.09084062278270721
552808923707617282,0.14571835100650787,0.3116970658302307
552834504520630274,-0.11636136472225189,0.5492316484451294
552792913910833152,-0.5134890079498291,-0.4725034832954407
552793275770613760,-0.7910444736480713,-0.4260827302932739
552793675697094657,-0.11340358853340149,-0.6587974429130554
552805269441622017,0.253314346075058,-0.7909368276596069
552793775740055552,-0.5475693941116333,-0.09454504400491714
552794232503951360,-0.6932592391967773,-0.6919665336608887
552793679082311680,0.4397413730621338,0.20864337682724
552794951487352832,0.18265683948993683,0.18899652361869812
552796160101220352,-0.12315849214792252,0.4146585166454315
552796316955574273,-0.4461451470851898,0.4303295612335205
552796379811438593,-0.27179965376853943,0.6828508377075195
552796638436397056,-0.30814048647880554,0.6603900790214539
552796679322492928,-0.06139082461595535,-0.007902419194579124
552796766484303872,-0.24490177631378174,0.6936955451965332
552796934134845440,-0.061016447842121124,0.2825944125652313
552797898187210752,-0.4413509666919708,0.46872854232788086
552798473389867009,0.7020809054374695,0.4790838658809662
552800063756709888,0.7341327667236328,0.6547049880027771
552798644244860928,0.7594141960144043,0.06117914244532585
552800628012224512,0.4888973832130432,-0.1757490485906601
552801740652036096,0.7886940240859985,0.10475613176822662
552802770873761793,0.9762727618217468,0.07543773949146271
552802654641225728,-0.36962002515792847,-0.5752407908439636
552803445711708160,-0.6489811539649963,-0.5998173952102661
552804023389392896,-0.3144841194152832,-0.8494461178779602
552804298870910977,-0.39055895805358887,-0.856535017490387
552804602702475265,-0.3669888377189636,-0.1136619970202446
552806033585090560,-0.34582018852233887,-0.84747713804245
552808630022840320,-0.38020986318588257,-0.833836555480957
552846396106502144,-0.25580477714538574,-0.8101823329925537
552805488631758849,0.35401269793510437,-0.4350046217441559
552805699349016577,0.652160108089447,-0.6325628757476807
552805838323478528,0.6702113747596741,-0.1386834979057312
552807055275220996,0.7716487050056458,0.23561151325702667
552805847777415168,0.2847495675086975,-0.7253645658493042
552805987053490179,-0.04354885593056679,-0.3326347768306732
552807834078171136,-0.40746045112609863,-0.16647754609584808
552809757225287681,-0.4844777286052704,-0.4454552233219147
552810175049244672,-0.4714139699935913,-0.7464087605476379
552810426422267904,-0.2646237015724182,-0.8094311356544495
552809852834418688,-0.5690690279006958,0.20858080685138702
552806316855799808,0.6547725796699524,-0.09830094128847122
552808282440859648,0.740429162979126,0.3204205334186554
552845552770351105,0.5419520735740662,0.6141495108604431
552851362808360960,0.20385852456092834,0.7271541953086853
552806438440292352,0.07774731516838074,-0.4978826344013214
552806469217681409,-0.017908256500959396,-0.4499445855617523
552807385496973312,-0.2760433852672577,-0.5544670224189758
552810267772334080,-0.4395282566547394,-0.3293655514717102
552812435321536512,-0.3772626221179962,-0.11564289778470993
552813227793321984,-0.07243131846189499,-0.024248063564300537
552813949427544064,-0.18638922274112701,-0.47306016087532043
552814354588909569,-0.20930661261081696,-0.7354806661605835
552814843288223744,-0.07199713587760925,-0.5753557682037354
552815787484778497,0.15776073932647705,-0.6469929218292236
552816366101614592,-0.0743580311536789,-0.7431982159614563
552816676249403393,0.27247971296310425,-0.7987040877342224
552816957439741952,-0.49633681774139404,-0.607111394405365
552817506964873216,-0.8749852776527405,-0.38766345381736755
552819015282737153,-0.9923670887947083,-0.02174852229654789
552819482435932160,-0.9532665014266968,0.29415738582611084
552816583614013440,0.42324963212013245,-0.463570773601532
552817149673082882,0.4381571412086487,-0.6284505128860474
552817607452016640,0.3624863028526306,-0.8561293482780457
552817735160176641,0.317655473947525,-0.7235879898071289
552818327521734657,0.36261922121047974,-0.7798497080802917
552818958533816321,0.2403591275215149,-0.8328799605369568
552817983572017153,0.6786742806434631,-0.6581668257713318
552816281737363458,0.1941443532705307,-0.6809242367744446
552816726144864258,0.25465258955955505,-0.9647391438484192
552816942193467396,0.2162596583366394,-0.9830381870269775
552817356779433984,0.10651835054159164,-0.8788617253303528
552817984524152832,0.12993259727954865,-0.8520725965499878
552818300124545025,-0.0574842244386673,-0.7960965633392334
552818667293904898,0.1100841760635376,-0.7792143821716309
552819213165801472,0.3241647183895111,-0.597639799118042
552819494372921346,-0.03181101381778717,-0.6183251142501831
552819812435369987,-0.4334109127521515,-0.6421481966972351
552819928315617281,0.29942408204078674,-0.3319305181503296
552820213129809921,0.5974446535110474,-0.010783645324409008
552820677338595328,0.8990441560745239,0.17007069289684296
552818473806491650,0.2990436553955078,-0.6821161508560181
552816383185010688,-0.2878507077693939,-0.2360915243625641
552814516262555648,-0.2859037220478058,-0.7592520117759705
552815897425891328,-0.288901150226593,-0.976549506187439
552816386154590208,-0.1301572322845459,-0.9489303231239319
552814935688740867,0.2767583429813385,0.40805932879447937
552815524741001217,0.2140091210603714,0.8060877323150635
552816766414381057,0.021967433393001556,0.9580477476119995
552848069629575168,0.5516148805618286,0.121135413646698
552900298516484098,0.6435531377792358,-0.23491151630878448
552848557766873090,0.4618273973464966,0.7358970642089844
552900577697751041,0.5492058396339417,0.7440851330757141
552811444119797761,-0.3548974096775055,-0.8456729054450989
552812691509616642,-0.18619845807552338,-0.7188078165054321
552815133299187712,-0.4068627655506134,-0.7812260389328003
552816072902979584,-0.4432552456855774,-0.58114093542099
552819966006001664,-0.590289294719696,-0.43953219056129456
552815313394229253,-0.05794411897659302,-0.3858371376991272
552822741250736128,-0.039797451347112656,-0.9136767387390137
552808195710664704,0.3567410409450531,-0.3009296655654907
552812255805325313,0.6260070204734802,-0.04492969810962677
552815468252127232,0.6808618903160095,0.23255173861980438
552808637719408641,-0.4732894003391266,-0.39939674735069275
552811728447078400,-0.8516378402709961,-0.27937379479408264
552812476019269632,-0.9689055681228638,0.008901863358914852
552844861322592256,-0.5088276267051697,-0.39228302240371704
552851028287422464,-0.47177964448928833,-0.25213316082954407
552806494283251712,0.49793529510498047,-0.6861001253128052
552808456894169089,0.36246538162231445,-0.503261923789978
552814605115064323,0.7092962861061096,-0.6184551119804382
552816063369326592,0.7382773756980896,-0.3871075212955475
552817834628501505,0.9492340087890625,-0.1869627833366394
552818721874378752,0.9473399519920349,0.05745823681354523
552819783675432960,0.7463076114654541,0.07686448097229004
552806943392145408,0.4394584596157074,-0.7668455839157104
552807316031287296,-0.16765227913856506,-0.2717723846435547
552811993145835520,-0.6467195749282837,-0.021485617384314537
552813327018385408,-0.9111592173576355,0.21069365739822388
553121495791464448,-0.8654223084449768,0.1936953365802765
553556666969763841,-0.8765177726745605,0.38548043370246887
552807494545076225,0.64499431848526,-0.4007307291030884
552807670710038528,0.6699439883232117,-0.43922358751296997
552806309540528128,0.06619218736886978,-0.14023466408252716
552806614973960192,0.16673161089420319,-0.3330373764038086
552806751746396160,0.25412771105766296,-0.260714590549469
552806767625641984,0.36873748898506165,-0.5023922324180603
552807952315207680,0.6154190301895142,-0.6541388034820557
552808280074878979,0.7815796136856079,-0.5846314430236816
552808639283486722,0.8442414402961731,-0.41076213121414185
552817422366154752,0.6151499152183533,-0.7636541724205017
552827794976022528,0.2657274007797241,-0.7219396233558655
552807393453547522,-0.327594518661499,-0.35342732071876526
552808156468768769,-0.6632964015007019,-0.519206166267395
552807638233120769,0.1250416785478592,-0.3507055640220642
552808046938697729,0.20518948137760162,0.08381744474172592
552808109551263744,-0.3839416801929474,-0.3812730312347412
552808399885185024,-0.7252781987190247,-0.3801192343235016
552812099294863362,-0.5678601264953613,-0.6603533625602722
552808138831708160,0.15424717962741852,0.12617237865924835
552808267572064256,0.2045411616563797,-0.31758350133895874
552808387415900160,0.3091959059238434,0.30532705783843994
552809081233080320,0.5294008851051331,0.6171762347221375
552811106046324736,0.28990331292152405,0.5449262857437134
552811900686176257,0.3193206191062927,0.16662822663784027
552812407064899585,-0.007517186924815178,0.1090758740901947
552812983370268672,-0.2738899886608124,0.09294212609529495
552814267020636160,-0.025253187865018845,0.3544768691062927
552814555764506624,0.22678938508033752,0.5127394795417786
552814637696450560,-0.5717325210571289,-0.16962209343910217
552812425758912512,0.6517273783683777,-0.08148474991321564
552813608694857730,0.9356142282485962,-0.2409980148077011
552814686149017600,0.958337128162384,-0.14108410477638245
552812220438945793,0.4298417866230011,0.9006737470626831
553219824059310080,0.08153035491704941,0.6153296232223511
553221961740857344,0.19367605447769165,0.6449196934700012
553224135334051840,0.34994199872016907,0.7277543544769287
553225926436089856,0.2918092906475067,0.45008817315101624
553226523650437120,0.5056780576705933,0.6313773393630981
552808549349199872,0.26872485876083374,0.04530985653400421
552808821434089472,0.31923726201057434,-0.05691651627421379
552810655657787392,-0.30239537358283997,0.10958516597747803
552811152456318976,-0.6108868718147278,0.29086124897003174
552806757672964097,-0.3757225573062897,-0.23437272012233734
552807298192510977,-0.6668608784675598,-0.41661155223846436
552807311191048193,-0.22197012603282928,0.030443435534834862
552808047643729920,-0.6763829588890076,-0.3908211588859558
552808137737383936,0.013372369110584259,-0.15820632874965668
552810796884189184,-0.01894857920706272,-0.4166395962238312
552810800164139008,0.19317933917045593,-0.6438658237457275
552812110678196224,-0.667758047580719,-0.25908759236335754
552812322075729920,-0.16209594905376434,-0.07144156098365784
552819464711184384,-0.37472590804100037,0.08348028361797333
552823438457311232,-0.6751986145973206,-0.35895583033561707
552825292184514561,-0.06255167722702026,-0.27813681960105896
552905510039465985,-0.6413782835006714,-0.17497657239437103
552810448324943872,-0.19250079989433289,-0.5213981866836548
552810626503176192,0.15459246933460236,-0.23911689221858978
552810702990475265,-0.036568719893693924,-0.7487059831619263
552811198543331328,-0.15484628081321716,-0.8190193176269531
552811357889134592,-0.4781232178211212,-0.5924962162971497
552811450226733058,-0.1593773365020752,-0.11569397896528244
552811541884858368,-0.05021420493721962,-0.7223877906799316
552811591683821568,-0.40491145849227905,-0.8363270163536072
552811730204499969,0.09110886603593826,-0.5240277051925659
552811835057909761,-0.29686659574508667,-0.5953262448310852
552817687257415681,-0.3434845209121704,-0.8088028430938721
552811887684251648,-0.4053409695625305,-0.7370372414588928
552811928188645376,-0.41038060188293457,-0.812343955039978
552812469958111232,-0.32173463702201843,-0.8832794427871704
552812627378724864,-0.43837642669677734,-0.6671046614646912
552813350745153536,0.05347352474927902,-0.22546720504760742
552813534334038017,-0.4618287980556488,-0.5650081038475037
552814012791279617,-0.199529230594635,-0.07630186527967453
552814682839326720,0.008579735644161701,-0.1802223175764084
552811386259386370,0.3052579462528229,-0.4715735614299774
552811563917123584,0.015609144233167171,-0.21699613332748413
552811649602961408,0.3272351920604706,-0.055377017706632614
552812365692289025,0.5027098655700684,-0.802452564239502
552812376375164928,0.539146363735199,-0.3578628599643707
552812482406780928,0.5218513607978821,-0.6837090253829956
552812526434385921,0.2696455717086792,-0.7446578741073608
552812548366798848,0.32551342248916626,-0.774849534034729
552812767132934144,0.09844391793012619,-0.6554024815559387
552813011338285056,0.03073274716734886,-0.48920413851737976
552813020465074176,0.27817556262016296,-0.05768785625696182
552813075133636608,0.45737287402153015,-0.7869709134101868
552813563283509248,0.18883861601352692,-0.0918431356549263
552814805456027648,0.5805903673171997,-0.4692178964614868
552814818986844160,0.5450159311294556,-0.3242138624191284
552818696864157697,0.0534474179148674,-0.5178104043006897
552822420026183680,0.1856069713830948,-0.7926728129386902
552822921698500608,0.5692242980003357,-0.49740463495254517
552836538875531265,0.03228332847356796,-0.36903461813926697
552814494381256704,-0.531968891620636,-0.24863781034946442
552814812363620352,-0.3204423189163208,0.07085753232240677
552814927829016577,-0.8596338033676147,-0.40407291054725647
552815415949557760,-0.839266300201416,-0.44030091166496277
552816420074291200,-0.1047557145357132,-0.25193843245506287
552816523593916416,-0.8234706521034241,-0.3238421678543091
552817606194135041,-0.227264404296875,-0.42881545424461365
552818286803443713,-0.8027045726776123,-0.47462961077690125
552821574298918913,-0.7860514521598816,-0.4313712418079376
552821795628531715,-0.684308648109436,-0.06705523282289505
552824657028874241,-0.2192019820213318,0.12606647610664368
552816020403269632,0.5258795022964478,0.5561703443527222
552817849845436416,0.7227329015731812,0.7169961929321289
552817939196678144,0.7157267332077026,0.530802845954895
552830099046035456,0.22383436560630798,0.6500318646430969
552831971370344449,0.6537907123565674,0.36675262451171875
552822711945535488,0.16345755755901337,0.9991660714149475
552821069036670976,-0.4622664153575897,0.4413723349571228
552821934476754944,-0.7302175760269165,0.6346796751022339
552822567057510400,-0.6927780508995056,0.4917924702167511
552822679712313344,-0.07969611138105392,0.4705706834793091
552823713876303872,-0.7495355606079102,0.6830734014511108
552824008379736064,-0.679155170917511,0.5856686234474182
552840282094727168,-0.6924402117729187,0.7018265724182129
552824073244246016,-0.6818429827690125,0.6046258211135864
552826863698317312,-0.7808368802070618,0.4154992699623108
552832247737622528,-0.9368401169776917,0.2846325635910034
552833471958499329,-0.8992041349411011,0.3858962953090668
552827345435103234,-0.5174430012702942,0.7641383409500122
552839935280300032,-0.48340725898742676,0.8219146728515625
552827902065385476,-0.16930243372917175,0.3757835924625397
552834187426689024,-0.13268685340881348,0.6395390629768372
552829975800578048,-0.5271902084350586,0.7163363695144653
552857373015289858,-0.37861424684524536,0.8652132749557495
552833147520692224,-0.7920860052108765,0.47584423422813416
552836153066684416,-0.7025962471961975,0.717282235622406
552836806065262594,-0.47832512855529785,0.09806855022907257
552840084962443264,-0.052173253148794174,0.10206848382949829
552840094156349440,-0.042356040328741074,0.06660591810941696
552832817089236992,0.5360289216041565,-0.06652336567640305
552837389870448640,0.642934262752533,0.2208607941865921
552837806574170113,0.853577733039856,0.36803239583969116
552842838845980672,0.7978869676589966,0.444503515958786
552838782710321152,0.3617899715900421,0.04137701168656349
552839062483369984,0.22613219916820526,0.09008317440748215
552839226317094912,0.4901144504547119,0.36745598912239075
552842578539073537,0.3038341701030731,0.7008188366889954
552839829726060544,0.8452358841896057,-0.24423258006572723
552840158329200640,0.8087123036384583,-0.2652379274368286
552844205199228929,0.19531455636024475,-0.27677735686302185
552852233901965313,0.6183277368545532,-0.3760448098182678
552847695929688064,-0.4108676016330719,0.9462903738021851
552833028201144320,0.352935791015625,-0.5080271363258362
552833272724852736,0.44968655705451965,-0.029527727514505386
552835278625177600,0.5277811884880066,0.360370010137558
552833319747194882,0.6428200602531433,-0.5877749919891357
552833463087534080,0.553665041923523,-0.8369739651679993
552833464933052416,0.25130313634872437,-0.8122975826263428
552833762174992384,0.07654838263988495,-0.2876512408256531
552833887261691905,0.10998722165822983,-0.638658881187439
552834026948415488,0.16281619668006897,-0.07280285656452179
552835076573364224,0.6183169484138489,-0.5799030065536499
552836259283218434,0.5178673267364502,-0.3073030710220337
552836882770690049,0.2332729548215866,-0.7266194224357605
552838040503472128,0.1775762140750885,-0.7404004335403442
552840222636265472,0.5670412182807922,-0.787440836429596
552842163160367104,0.6128694415092468,-0.685416042804718
552842861209993217,-0.006137081887573004,-0.3563705086708069
552851863671169024,0.1088704988360405,-0.6839843988418579
552876728326971393,0.41885384917259216,-0.17989544570446014
552877204304977921,0.602601945400238,-0.6947875618934631
552834961762709505,-0.5859506726264954,-0.27848103642463684
552835091714416640,-0.43458011746406555,-0.5423853397369385
552835146844737537,-0.8967493772506714,-0.5050759315490723
552835235982090241,-0.694247841835022,-0.5291823744773865
552835533009727488,-0.38263875246047974,-0.49071022868156433
552836259433828352,-0.9140382409095764,-0.4352051019668579
552836375670562816,-0.2742491364479065,-0.381085604429245
552836509074591748,-0.4447117745876312,0.08952606469392776
552837270953529345,-0.6629831194877625,0.012727636843919754
552838224981553153,-0.8012179136276245,-0.1332894116640091
552840744210161664,-0.6961843967437744,0.010497299954295158
552841806245679104,-0.36991336941719055,0.237232968211174
552844369649098754,-0.3422635793685913,0.6203053593635559
552844745647460352,-0.2942354679107666,0.9326428771018982
552845561896771585,-0.9883864521980286,-0.054280221462249756
552860931026604032,-0.7436803579330444,0.17601440846920013
552843614389559296,-0.24797700345516205,-0.09877046197652817
552849852338831360,-0.7297012209892273,-0.47583580017089844
552848620375261184,0.04949578642845154,0.6224643588066101
552848723001475073,0.2334093153476715,0.1944381147623062
552848736897216513,0.23905275762081146,0.8623208403587341
552848904426098689,-0.19663484394550323,0.661661684513092
552849973470314496,0.13328656554222107,0.9509432315826416
552850359266197504,-0.11763203889131546,0.7142688632011414
552850544797446144,-0.25570568442344666,0.7595456838607788
552852606234947584,-0.532272458076477,0.7664538025856018
552850999443202049,0.32961925864219666,0.6415333151817322
552851266754596865,-0.009387627243995667,0.9013723134994507
552852018864218112,0.24862219393253326,0.8827163577079773
552853646744899584,0.07720668613910675,0.9897947311401367
552857418062127104,0.2564338445663452,0.37152037024497986
552858826043424768,-0.2041364461183548,0.308348149061203
552870347541053441,-0.004542461596429348,0.9400643706321716
552874999522934784,-0.05745469778776169,0.06974047422409058
552978099357237248,-0.030575724318623543,-0.6836305856704712
552982992248123393,-0.32736116647720337,-0.5406706929206848
552988724288827395,0.15855719149112701,-0.5807090997695923
553199352060325888,0.20676842331886292,-0.8115177750587463
552978184413921281,-0.12697827816009521,0.7523984313011169
552979232515948546,-0.0815294161438942,0.9878495335578918
552979530923925504,-0.21871933341026306,0.5234348177909851
552982613288157184,-0.7089297771453857,0.28286120295524597
552983715224113152,-0.9486928582191467,0.30883491039276123
552990796702814208,-0.3543322682380676,0.36293017864227295
552992417969082369,-0.8245150446891785,0.07678894698619843
552997008483811328,-0.9267919063568115,0.3041630983352661
552984502063337472,0.4642524719238281,-0.3294999301433563
552989544589430784,0.7326866388320923,-0.4306824207305908
552998100764491776,0.7622566819190979,-0.5133131146430969
553091815218237440,0.06740321218967438,-0.17571619153022766
552996335319007233,-0.7230796217918396,-0.1525828093290329
552996575396765696,-0.5824275016784668,0.04238085448741913
552997646076739585,-0.9231967329978943,0.05109423026442528
553004470440058881,-0.9963145852088928,-0.009656153619289398
553005429492445184,-0.8072113990783691,-0.45270484685897827
553008182050947072,-0.5562883615493774,-0.41739264130592346
553008434627362816,-0.5089570879936218,-0.7233034372329712
553008784692756480,-0.2945457398891449,-0.9163968563079834
553009507186393088,-0.014924708753824234,-0.9478593468666077
553009820409024512,0.2891221344470978,-0.7812572717666626
553010394327834625,0.5132838487625122,-0.5031087398529053
553010804069781505,0.3785713315010071,-0.6245405673980713
553011245737992193,0.16956494748592377,-0.5868861675262451
553023915963191296,0.7386231422424316,-0.280284583568573
553023430443167746,-0.6799165606498718,-0.5992181301116943
553042679412436992,-0.7295464277267456,-0.44005751609802246
553107921081749504,0.609098494052887,0.11346767842769623
553109367042887680,0.8624122738838196,-0.033028386533260345
553110037116502016,0.9529202580451965,0.23049196600914001
553111518230106112,0.9188894629478455,-0.022222701460123062
553115272031113216,0.2773294746875763,0.08290965855121613
553116396469510144,0.9154349565505981,0.2587411105632782
553132986087268352,0.8823002576828003,0.2917640507221222
553152395371630592,-0.2908652722835541,0.3328356444835663
553153997226663936,-0.5238499641418457,0.5518224835395813
553154805905235968,-0.4968707859516144,0.5975907444953918
553161717803671552,0.0692145973443985,0.2287779152393341
553170581282377729,-0.17772239446640015,0.06720256805419922
553170977061081088,-0.21412576735019684,-0.039129696786403656
553171006244663297,-0.5284547209739685,0.28390076756477356
553171130757173249,-0.06952667981386185,-0.019451696425676346
553171137782620160,-0.4591372609138489,0.5725003480911255
553171643091398656,-0.4630604088306427,0.6057820916175842
553174304016584704,-0.5656349658966064,0.5330861806869507
553178733059002368,-0.4517509639263153,0.6262089610099792
553179390176419842,-0.04921770840883255,0.008079187013208866
553195530273456128,-0.04669668897986412,0.4114465117454529
553196346375954433,-0.49273452162742615,0.17183245718479156
553211957302816768,-0.15815524756908417,-0.030689748004078865
553220108219609088,-0.2509610950946808,0.5700298547744751
553226339743186944,-0.1129048615694046,0.47084367275238037
553255878628237313,-0.3027012050151825,0.6433132886886597
553256620881616896,-0.217091903090477,0.8036643266677856
553257491203899392,-0.42709746956825256,0.7953180074691772
553258349870206978,-0.6534897089004517,0.8222693800926208
553160652567498752,-0.11006225645542145,-0.7113586664199829
553160945657462785,0.11521085351705551,-0.8797098994255066
553161275904376832,0.041395269334316254,-0.8661002516746521
553167760579379201,0.16705574095249176,-0.38121622800827026
553169488104140801,-0.35725900530815125,-0.8651978373527527
553170260791427072,-0.20171771943569183,-0.8814098834991455
553175352366100482,-0.1542728841304779,-0.9444180727005005
553179653238964225,-0.38229116797447205,-0.8694607019424438
553183053523476480,-0.3904092609882355,-0.6426752209663391
553183997090889730,-0.39129871129989624,-0.5874584317207336
553227312976908289,0.11848203092813492,-0.522542417049408
553237817086967809,0.1655033677816391,-0.7451930046081543
553164985460068352,0.022063782438635826,0.5844084620475769
553165132474634240,0.05012298375368118,0.9574029445648193
553165237680353280,0.2847050726413727,0.4663461744785309
553165585115516928,-0.21735887229442596,0.568427562713623
553165669043548160,-0.22179438173770905,0.2558595836162567
553165727231139840,0.27018436789512634,0.5406647324562073
553166958397771776,-0.054713714867830276,0.8850686550140381
553166961514127360,0.029571164399385452,0.9649518728256226
553167053742694400,0.1747589409351349,0.8076711297035217
553170739592179713,-0.23284143209457397,0.6160241961479187
553187846035873793,0.10710246115922928,0.8441997766494751
553188194339258368,0.2951529622077942,0.38924461603164673
553188299758911488,-0.11873263865709305,0.7982868552207947
553189559149035520,-0.15141935646533966,0.10802266001701355
553301531340972032,0.1735459566116333,0.20921263098716736
553184482241814530,0.2593550682067871,0.6241359114646912
553184702530453505,-0.023184319958090782,0.5881183743476868
553184777315287040,0.5260692834854126,0.610684871673584
553184841873633280,0.43764445185661316,0.7508735060691833
553184912258654208,0.4978993535041809,0.685459554195404
553185239791857664,0.24411751329898834,0.9154495596885681
553185273639895040,0.07057574391365051,0.2338767945766449
553185403650322432,0.4047090709209442,0.3313699960708618
553185449150541824,0.5440127849578857,0.6999570727348328
553186074311528448,0.02983708493411541,0.77519690990448
553187655434108928,-0.027317417785525322,0.6502364277839661
553187777689694208,-0.1187938004732132,0.7078063488006592
553197339813220352,-0.44045117497444153,0.5960683822631836
553199295588212736,-0.4158102571964264,0.4881003499031067
553199414659907584,-0.2728099822998047,0.5228959918022156
553187813668425728,0.20768441259860992,0.9198251962661743
553188394113986561,0.23379607498645782,0.3922044336795807
553197749240221699,0.22513411939144135,0.49213746190071106
553198944998543360,0.3693082332611084,0.8182048797607422
553498348674875393,0.22826771438121796,0.2760195732116699
553549483984711681,0.31943827867507935,0.5730368494987488
553549691129192448,0.45305973291397095,0.8907473683357239
553188436178264066,-0.031004667282104492,0.486366331577301
553189048052105216,0.364619642496109,0.5772716403007507
553200322231808001,0.2973484396934509,0.6692676544189453
553192939888058369,0.521278977394104,0.5747114419937134
553195335661912064,0.5298052430152893,0.7202586531639099
553195879692517376,0.5203651785850525,0.6612188816070557
553196247319064576,0.459316223859787,0.8470578789710999
553197863971610624,0.02253512293100357,-0.6790946125984192
553198239399157761,0.04639585316181183,-0.9765697121620178
553198499891007488,-0.28380709886550903,-0.8095996379852295
553199418032521216,-0.5352964401245117,-0.879503607749939
553201111159824384,-0.31762024760246277,-0.8418194651603699
553201660953366528,-0.036754075437784195,-0.8083586692810059
553891758271369216,-0.4502388536930084,-0.5407915711402893
553199058849103872,-0.27343636751174927,-0.4353823959827423
553199853820723201,0.25571924448013306,-0.865645170211792
553201889685553153,-0.2563447654247284,-0.5883766412734985
553202633377599488,-0.2265620082616806,-0.5353240966796875
553210433570881536,-0.4027014970779419,-0.6681873202323914
553213293964562434,-0.33456185460090637,-0.4079318344593048
553213552337891328,-0.20711185038089752,-0.21857298910617828
553203171674181634,0.29727932810783386,-0.6463972330093384
553203187533230080,0.2919495105743408,-0.7383334040641785
553203804628598784,-0.02679712511599064,-0.9367600083351135
553203833921613824,0.20894277095794678,-0.8043012619018555
553203935088214017,0.4232930541038513,-0.3734140992164612
553217526646439936,0.7170954942703247,-0.016861649230122566
553204674766331904,-0.2515897750854492,-0.73046875
553205437043326976,0.20266151428222656,-0.8795826435089111
553211195881426944,0.05131138861179352,-0.29270797967910767
553212936995762176,-0.20615684986114502,-0.8819522261619568
553212962044149761,-0.5353843569755554,0.5954223275184631
553213078889062401,-0.7360333204269409,0.48598599433898926
553213257943879681,-0.6839539408683777,0.7694123387336731
553213579672178689,-0.26441317796707153,0.7776857018470764
553214220364685313,-0.542156994342804,0.7959766387939453
553214228488667136,-0.5079663991928101,0.2819409966468811
553214496567590914,-0.4855182468891144,0.3669573962688446
553217937117831168,-0.34100478887557983,-0.005458394531160593
553232132269953024,-0.5911553502082825,0.6381102800369263
553221600955621376,0.7164497375488281,0.5780039429664612
553228413922967552,0.5214669108390808,0.7493326663970947
553262052899164161,0.7853546142578125,0.31802961230278015
553461741917863936,0.49942973256111145,0.3709246516227722
553462142481870849,0.2169630229473114,0.43974146246910095
553462405800288256,0.6733648180961609,0.20576825737953186
553462823498416128,0.3921422064304352,0.5902696847915649
553462961365581824,0.42213204503059387,0.09577341377735138
553504117230800896,0.6295458078384399,-0.15641199052333832
553514398871216128,0.8737340569496155,-0.34699463844299316
553463231386497024,0.6214621067047119,0.6532204151153564
553463489209978880,0.16956093907356262,0.27214738726615906
553464272043638785,0.7453767657279968,0.3166884183883667
553464786277916673,0.7938354015350342,0.47513771057128906
553464877118132224,0.7787858843803406,0.5746990442276001
553467937575952384,0.7329655289649963,0.35739898681640625
553469592488931328,0.7932389378547668,0.3149013817310333
553471188530249730,0.5560692548751831,0.6203330755233765
553496340580556800,0.6892391443252563,0.6161066889762878
553503688946225152,0.3838471472263336,-0.03462715074419975
553535342049902592,0.35493600368499756,0.6067147254943848
554282491549196289,0.25527140498161316,0.5525806546211243
554412391279374336,0.1602587103843689,-0.00810906570404768
553467311261503488,0.8102524876594543,0.5796806216239929
553468547184467969,0.7526483535766602,0.2708930969238281
553481000379248640,0.491253137588501,0.6062608361244202
553470492565602305,-0.36254754662513733,0.3866058886051178
553471272353402880,-0.05059748515486717,0.1522744745016098
553471490734039040,-0.6187563538551331,0.3562186062335968
553472346838007810,-0.6184217929840088,0.6343488693237305
553473556345290752,-0.5963742136955261,0.6231948137283325
553474160530587648,-0.24915778636932373,0.09960027784109116
553484447207923712,-0.027045603841543198,0.284100741147995
553474188259102720,0.5667716860771179,-0.2908218204975128
553475360936165376,0.7180841565132141,-0.5387954711914062
553476443314061312,0.5841262340545654,-0.5700239539146423
553478423411441664,0.8342838287353516,-0.2822338044643402
553479692133470209,0.4488345980644226,-0.5500947833061218
553482152743288833,0.8311546444892883,-0.2516935169696808
553488128364007424,0.660567581653595,-0.019000021740794182
553494933437689856,0.7209591269493103,-0.5636849403381348
553498708395175936,0.1634587198495865,-0.13125745952129364
553506819294121985,0.7539278864860535,-0.10113973915576935
553508132459393024,0.23822419345378876,-0.38300153613090515
553509614952914944,0.772887110710144,-0.11143291741609573
553536816238710784,0.262436181306839,-0.022680755704641342
553476490315431937,0.006682080216705799,0.7068504095077515
553476849196879873,-0.18238259851932526,0.8694647550582886
553478083672424448,0.07414501905441284,0.9013488292694092
553479876632936448,-0.11622510105371475,0.36673790216445923
553480808947015680,0.2889798879623413,0.6919152140617371
553476880339599360,0.8557198643684387,0.2806915044784546
553477770622533632,0.9548315405845642,0.033029019832611084
553478152983699456,0.7091737389564514,0.6884267926216125
553480929612943361,0.32244375348091125,0.8656666874885559
553483798810087424,0.18808166682720184,0.6825494766235352
553484589277396992,0.09805519878864288,0.8764327168464661
553484321848573952,-0.04397721588611603,0.9055470824241638
553484905125281792,0.11688007414340973,0.7306286096572876
553496235320303616,0.21933886408805847,0.8651337623596191
553496771700477952,0.13827933371067047,0.8755543828010559
553496857683701760,0.27368882298469543,0.8074776530265808
553503079216451585,0.023083165287971497,0.8530583381652832
553530851091558400,-0.26235324144363403,0.8281628489494324
553478941798051841,0.8604969382286072,0.008510220795869827
555631356286234624,0.9514331817626953,0.12592901289463043
553478289474740224,0.09603355079889297,0.7613523006439209
553481203886460928,0.5002570152282715,0.7819032669067383
553481569675911168,0.726732075214386,0.4739570915699005
553481697124052993,-0.12501731514930725,0.8941097259521484
553482001651470336,-0.1589219570159912,0.6652902364730835
553485100932157440,-0.17521899938583374,0.7752867341041565
554212158133633025,0.25171688199043274,0.5140590667724609
553486439129038848,0.5070842504501343,-0.34737861156463623
553486598328041472,0.569922924041748,-0.02895263582468033
553486812787007488,0.655341386795044,-0.1507827788591385
553486913970397186,0.5067836046218872,-0.6256104707717896
553487052776693761,0.620631754398346,-0.09171147644519806
553487150550089728,0.8047844767570496,-0.5135655403137207
553487414409564160,0.30609267950057983,-0.5398760437965393
553487881113989120,0.09156087040901184,-0.34007999300956726
553543395717550080,0.7354953289031982,-0.5102874636650085
553489393202499584,0.42714157700538635,0.6008898019790649
553489471413714944,0.6700124144554138,0.5198497176170349
553489533526765568,0.10722959786653519,0.5411104559898376
553489581035622401,0.15191394090652466,0.7036311626434326
553490069609136128,0.5035719871520996,0.18916474282741547
553490522523070464,0.6475503444671631,0.8055834174156189
553490860369653761,0.26861733198165894,0.8424378037452698
553491367159017472,0.661584734916687,0.6737608909606934
553503751609143296,0.49388182163238525,0.8241947293281555
553501357156876290,0.2755020558834076,0.39609402418136597
553501672035856384,0.3283025324344635,0.7601215839385986
553504019742990336,0.14704589545726776,0.8543381094932556
553501710497628162,0.36495524644851685,0.0628146305680275
553501723743223808,0.22627070546150208,0.3228100538253784
553502186999529473,0.35629791021347046,0.3991888463497162
553501889254678528,0.2137412577867508,0.753511369228363
553502135204478976,0.01948479376733303,0.8547446727752686
553502087661645824,-0.0461004264652729,0.45610490441322327
553503611104542720,-0.34958237409591675,0.5364730954170227
553504747508879360,-0.5664830207824707,0.8378241062164307
553502133979713536,0.24083521962165833,-0.009217980317771435
553502599358722048,0.15525217354297638,-0.3668307960033417
553502205748080640,0.22029006481170654,0.06713378429412842
553502788819632129,0.46433091163635254,0.682271420955658
553503274176110592,0.3692077696323395,0.6835063695907593
553503283986563073,0.2905343174934387,0.6745342016220093
553503331356651521,-0.049079641699790955,0.18659409880638123
553503365100228609,0.5496886372566223,0.3329717814922333
553503523539652608,0.37463727593421936,0.024368593469262123
553503876394262528,0.26036015152931213,0.6601079702377319
553503184174710784,-0.3866046965122223,0.4303739070892334
553503409807327232,-0.3920046091079712,0.12972182035446167
553503544280875008,-0.6355060338973999,0.5906766057014465
553503712157904898,-0.6423829197883606,0.46601200103759766
553504624830066688,-0.7905985713005066,0.47996190190315247
553503810073952257,-0.10799432545900345,0.5371893048286438
553503820425093120,-0.5224051475524902,0.7161232233047485
553504209635536896,-0.44667091965675354,0.1792871057987213
553504306998300672,-0.17736490070819855,0.6300859451293945
553504493803819008,-0.6146281361579895,0.3808104991912842
553510071494529024,-0.7923650741577148,0.4903321862220764
553504854794969088,-0.31271040439605713,0.715628445148468
553504861321703424,-0.015727007761597633,0.14567551016807556
553505371260588032,-0.4791872799396515,0.16908051073551178
553505793249923072,-0.002813957864418626,0.02724960446357727
553505863827079168,-0.34457048773765564,0.7263842821121216
553506057432342528,-0.45232897996902466,0.6954185962677002
553506283958333440,-0.6537286043167114,0.44007912278175354
553506824109191168,-0.7279030084609985,0.178169384598732
553523299045875715,-0.9350329041481018,0.14510990679264069
553531200149925890,-0.9472987055778503,0.31605595350265503
553535276245864448,-0.7702047228813171,-0.16270124912261963
553507708574244864,-0.607764720916748,0.7228889465332031
553507716329529344,-0.1934756636619568,0.6430565118789673
553505242554175489,0.21218977868556976,0.455777645111084
553505379079159808,0.43402692675590515,0.30389603972435
553506555250106368,-0.0315101183950901,0.5064267516136169
553506956686532608,0.4804142117500305,0.4548194110393524
553507669831876608,0.3198634386062622,0.7703048586845398
553508940634673152,-0.10146256536245346,0.255839467048645
553509339701727233,-0.058923300355672836,0.26040640473365784
553511231735099392,0.41452640295028687,0.6536954045295715
553513937246097408,0.2829205095767975,0.7602744698524475
553516610275655680,0.39289119839668274,0.7098279595375061
553620764516429825,0.32594916224479675,0.10504201054573059
553689869810409473,0.40034300088882446,0.23235608637332916
553693040649334785,0.156025230884552,0.6590959429740906
553703181440786435,0.22415964305400848,0.787240207195282
553824308959928320,-0.11172182857990265,0.30132389068603516
553506608203169792,0.5480539798736572,0.00547496834769845
553507133464248320,0.8521201014518738,0.144688680768013
553507208382930944,0.6632401347160339,0.2791171669960022
553507222324801536,0.9048939347267151,-0.054480116814374924
553507283108655104,0.180180162191391,0.20278851687908173
553507344932294657,0.6048206686973572,-0.2364615947008133
553507375211364352,0.3889387249946594,0.3008074462413788
553507495604678658,0.31608301401138306,-0.41706472635269165
553522189337890816,0.035257887095212936,-0.7512217164039612
553507538860126211,0.8190625905990601,-0.11637943983078003
553507613900820481,0.7568436861038208,-0.29909297823905945
553508114436476929,0.626132071018219,-0.5203319191932678
553507679621378049,0.8580219745635986,-0.10333311557769775
553507700546367488,0.8096613883972168,0.165748730301857
553507937121878016,0.1555531620979309,0.056967463344335556
553508241981046784,-0.10175307840108871,-0.02832283265888691
553512763906334722,-0.5011022686958313,-0.13146446645259857
553526618720075776,-0.54671311378479,0.02113817259669304
553508411178885121,0.8915510177612305,0.02463005855679512
553508438224142336,0.7391148209571838,0.22597266733646393
553508576422285312,0.07794085144996643,0.004071286879479885
553508636505673729,0.8952058553695679,0.08485528081655502
553509397063041024,0.9228087067604065,0.0023008037824183702
553508098825261056,-0.1478065848350525,0.603341281414032
553509102790668289,-0.13616135716438293,0.9419137239456177
553509365081456640,-0.38539060950279236,0.788112461566925
553509546602553344,0.03465932607650757,0.7765863537788391
553511652587360256,-0.3147508502006531,0.9032264947891235
553513832971513856,-0.2062358260154724,0.16611307859420776
553518690872745985,-0.19745014607906342,0.9557574987411499
553521549395771392,-0.03811957314610481,0.20746827125549316
553538244923883520,0.0739215835928917,-0.2336776852607727
553555326125895680,0.1673807054758072,-0.6241407990455627
553573926786580480,0.253662645816803,-0.8985221982002258
553524499803815937,-0.4076128900051117,0.7678306102752686
553538031513530368,0.1196366474032402,0.22218813002109528
553540518853242880,0.3460187613964081,-0.18968135118484497
553540761632120832,0.46686917543411255,-0.5478466153144836
553541311484014592,0.3105102479457855,-0.6681384444236755
553541660408545280,0.45708468556404114,-0.6199080944061279
553542076999409664,0.645979642868042,-0.48197832703590393
553542207731662850,0.5288907885551453,-0.2287845015525818
553551811282751488,0.03946775570511818,0.4995804727077484
553512735192141826,0.06595443189144135,-0.7035676836967468
553513642478813184,0.2669796347618103,-0.8750537633895874
553513916572381185,-0.1431107521057129,-0.8943779468536377
553514819085946881,0.3239710032939911,-0.8694779872894287
553516393791238145,-0.03628828004002571,-0.24205195903778076
553820631087988736,-0.0032763693016022444,-0.9726223945617676
553518472798683136,-0.6077184677124023,0.2236713320016861
553518706681053184,-0.8347339630126953,0.06342320889234543
553518879222161408,-0.8043152689933777,0.06293796002864838
553518923409547264,-0.6159456968307495,-0.05792967602610588
553519009149100032,-0.2810644805431366,0.17234393954277039
553519647400554497,-0.8112905621528625,0.4708775281906128
553519787943690242,-0.2768511474132538,0.33467021584510803
553519836249071617,-0.9186213612556458,0.34848693013191223
553520097395245056,-0.7233172059059143,0.4699866473674774
553520342111494145,-0.28967592120170593,-0.02171807736158371
553520622920536064,-0.4681512713432312,-0.07137201726436615
553520926906941440,-0.4785752594470978,-0.11087170243263245
553521113733824513,-0.4611596465110779,0.477059543132782
553521154921881600,-0.8853579163551331,0.3536744713783264
553521233162031104,-0.5397033095359802,0.4871627688407898
553521356378476544,-0.8836939334869385,0.4153711199760437
553521412934475777,-0.6275254487991333,-0.0771687775850296
553521650831196160,-0.5185078382492065,0.4739726483821869
553521787225796608,-0.8485285043716431,0.1070641279220581
553524538903109632,-0.8493161201477051,-0.030116688460111618
553522878902468608,-0.45399215817451477,0.44832637906074524
553531413459660800,0.6402547955513,0.30157944560050964
553531601838432257,0.8944619297981262,0.5048090815544128
553531861885259776,0.22585320472717285,0.4269016981124878
553532010447527936,0.8473172187805176,0.45933234691619873
553532431517876225,0.7566090226173401,0.017802957445383072
553532938508587008,0.8107876181602478,0.5425756573677063
553533391216582656,0.7223568558692932,0.5300306677818298
553534531522011136,0.8577358722686768,0.18767781555652618
553535185695043584,0.5700663328170776,0.23004038631916046
553535295111847936,0.9100032448768616,0.3479282855987549
553535680979427328,0.8271985650062561,0.1380222886800766
553538891228385280,0.5528203248977661,-0.03856427222490311
553542100143591426,0.25459080934524536,0.11624249815940857
554247300738854912,0.7509787082672119,0.5314418077468872
553534838880608256,0.14626173675060272,-0.5011578798294067
553535353790152705,0.23301465809345245,-0.16736643016338348
553535415073132544,-0.05029979720711708,-0.6638970971107483
553535417555759106,0.3550402522087097,-0.39826062321662903
553535440821575682,0.3720317780971527,-0.3686293661594391
553535581586993152,-0.15065591037273407,-0.20837722718715668
553536257670672384,0.18608707189559937,-0.8638948798179626
553539103879200769,0.18845443427562714,-0.789099395275116
553535829017370625,0.5483331680297852,-0.5338274836540222
553535952459952129,0.7206413745880127,-0.3374594449996948
553536361786277888,0.5974183082580566,-0.6956402063369751
553536495433580545,0.17165507376194,-0.4502100944519043
553541692243316737,0.7963695526123047,-0.4839232861995697
553551642369753088,0.6097963452339172,-0.7883425354957581
553538058440941568,-0.26686325669288635,0.1397583931684494
553538279073935360,-0.2685277760028839,0.3707970976829529
553538295855349761,-0.49105969071388245,0.2992737591266632
553538493738405888,-0.12344126403331757,0.06615686416625977
553538596938846208,-0.4921324551105499,0.055699318647384644
553538823989493760,-0.10270361602306366,0.3218342959880829
553538912065712129,-0.5244019627571106,0.3082220256328583
553538987554385920,-0.5233603119850159,0.1628406047821045
553539141443788800,-0.0921071469783783,0.1556098610162735
553539293076279296,-0.11443733423948288,0.2901661694049835
553539507786903552,-0.5171455144882202,0.05632852017879486
553539728067551232,-0.44814908504486084,-0.03918546438217163
553539730449924096,0.36943957209587097,-0.0009642147342674434
553539889237884928,0.7550045847892761,-0.12987063825130463
553540999465926657,0.7803171873092651,-0.07067489624023438
553539762624012288,-0.2505829334259033,-0.11848416924476624
553540050676219904,-0.5102341175079346,0.33072975277900696
553541495588802560,-0.350691556930542,-0.10611153393983841
553541618993618945,-0.18741099536418915,-0.07449933886528015
553541672471396352,-0.4787115454673767,0.33240315318107605
553543369604210689,-0.4507908225059509,0.3368259370326996
553543653424386049,-0.7738650441169739,0.3842196762561798
553543671308886016,-0.7626422643661499,0.2876616418361664
553544356700094464,-0.7936569452285767,0.5288380980491638
553544770430464000,-0.2749868333339691,-0.034183237701654434
553545251651342337,-0.7562373876571655,0.2348955273628235
553547724860456961,-0.10901108384132385,0.6099942922592163
553548084656214016,-0.13780926167964935,0.8408129811286926
553548128138584065,0.23836717009544373,0.3973556160926819
553548166629691392,-0.34541335701942444,0.5579406023025513
553548306383912960,-0.6182525157928467,0.4192207455635071
553548731690520576,-0.7552975416183472,0.16874487698078156
553550815940837376,0.11187446862459183,0.8554062247276306
553551580801536000,-0.1655038744211197,0.6056910157203674
553549440263675904,0.039161667227745056,0.3006192743778229
553549946738446336,0.31522971391677856,0.50031578540802
553552954297692160,0.3328048288822174,0.6875
553553099470946304,0.1410120278596878,0.524430513381958
553544252563935234,0.6118813157081604,-0.32218486070632935
553544568130768897,0.6396712064743042,-0.5941619277000427
553544735131201536,0.8200895190238953,-0.2763127386569977
553544746430652416,0.8968601226806641,-0.3176380693912506
553545099905601536,0.377802312374115,-0.04840659722685814
553545546947104768,0.36025747656822205,-0.5159738659858704
553545985624784896,0.8091497421264648,-0.4001239240169525
553546195772407808,0.4069697856903076,-0.49903470277786255
553549302187192320,0.8821878433227539,-0.49073246121406555
553550518531141632,0.5004410743713379,0.005141839850693941
553550704888279041,0.4692249894142151,-0.5951582193374634
553555098157060097,0.3305872082710266,-0.452506422996521
553557332261490688,0.8228297829627991,-0.15310297906398773
553560398365212672,0.7885702252388,-0.12667852640151978
554305263046754305,0.7401843667030334,-0.11022711545228958
553544694765215745,-0.6263017654418945,-0.2345857471227646
553545265592799232,-0.837226390838623,-0.15322405099868774
553545342055354368,-0.5802737474441528,-0.49630624055862427
553545574528864256,-0.6460596919059753,0.06045999377965927
553545600655187969,-0.6878127455711365,-0.5235371589660645
553545642422046721,-0.35666024684906006,0.05472210794687271
553545656590434304,-0.8999436497688293,-0.2562549114227295
553545733513969665,-0.5598503947257996,0.07024702429771423
553545780905385984,-0.3356874883174896,-0.37786179780960083
553545820235366400,-0.7886168956756592,-0.02116590179502964
553545835548782592,-0.8797731399536133,-0.18558652698993683
553545981296648193,-0.8499032258987427,-0.4779989421367645
553546903842222080,-0.3682348430156708,-0.4582572877407074
553547771127812096,-0.5718970894813538,-0.5228457450866699
553553375103819776,-0.7550407648086548,-0.015502114780247211
553548567420628992,0.5947195291519165,0.1620892882347107
553549149787140096,0.6254924535751343,-0.3011193573474884
553550408346779648,0.5432270169258118,-0.6991795301437378
553551840428949504,0.3255687355995178,-0.8473483324050903
553552036915335169,0.3920383155345917,-0.6923773288726807
553553247953514496,0.2521952986717224,-0.36421480774879456
553553754424115200,-0.07428670674562454,-0.270437628030777
553554620229115905,-0.30229100584983826,-0.5055452585220337
553555066754695168,-0.36341506242752075,-0.8013392090797424
553555725084270593,-0.1657959520816803,-0.7955822944641113
553552100417110017,0.032956626266241074,-0.7358514666557312
553551001077424128,0.7050036787986755,0.438257098197937
553552287889494017,0.8566065430641174,0.14223873615264893
553552395704082432,0.44622692465782166,0.4600132703781128
553552625724301314,0.2741590738296509,0.20524559915065765
553553255255781376,0.8679426908493042,0.3213995695114136
553554289835376643,0.865017831325531,0.11159103363752365
553559162018611201,0.1127750352025032,-0.04568251222372055
553560292635189248,-0.298180490732193,-0.2864275574684143
553561410920521729,-0.43037888407707214,-0.5952969193458557
553562623200210944,-0.2330387979745865,-0.6081244945526123
553565149790224387,-0.14196564257144928,-0.8635340332984924
553559527216656385,0.7562658786773682,0.4023520052433014
553549686129561600,0.05846041440963745,0.24443523585796356
553549946725875712,0.3291991353034973,0.2457854151725769
553550000584540160,0.4605899751186371,0.5035411715507507
553550482925715458,0.5950532555580139,0.36203882098197937
553551156081745920,0.7109843492507935,0.6319413185119629
553567997835882496,0.3938542604446411,-0.016078772023320198
553550998497918976,0.6399076581001282,0.736835241317749
553551171802382336,0.6580771803855896,0.5537669062614441
553550346195574784,0.01915641315281391,-0.08761943131685257
553550767034875904,0.3338809609413147,0.27704954147338867
553551562732470272,-0.2209307998418808,-0.12124497443437576
553552662088937472,-0.4533224403858185,-0.42438995838165283
553552734935601152,-0.5187861919403076,-0.5726079940795898
553555095317929985,-0.3595001697540283,-0.6440349817276001
553555102423089152,0.10357808321714401,0.49241018295288086
553555141731700737,0.29855045676231384,-0.0005311964196152985
553573995858382849,-0.4494626224040985,0.5103956460952759
553574442014875648,-0.47835758328437805,0.8239972591400146
553574968563625985,-0.6175937056541443,0.2512153089046478
553575543757471744,-0.2516559958457947,0.3179806172847748
553577555966836737,-0.7180156111717224,0.37272369861602783
553581318630821888,-0.7426708936691284,0.7279115319252014
553584470264410113,-0.601005494594574,0.7867959141731262
553574899302670337,-0.035766568034887314,0.35074105858802795
553550301886955520,0.5522387623786926,0.2535737156867981
553550417272258560,0.7645824551582336,0.09524393081665039
553550450788548608,0.401096910238266,0.47932571172714233
553550497852821504,0.7212304472923279,0.061663515865802765
553550508565479425,0.6414501667022705,-0.029754633083939552
553550602920558592,0.7966248393058777,0.1983686238527298
553550610675818496,0.29461079835891724,0.04114702343940735
553550658402414593,0.146755188703537,0.28226321935653687
553550697128796161,0.3637590706348419,-0.02531496062874794
553550843321286656,0.28709930181503296,0.4363859295845032
553550944949272576,0.36358335614204407,0.036234695464372635
553550971167834113,0.6999711394309998,0.019956396892666817
553551000293085186,0.8643651008605957,0.42760199308395386
553551446164402176,0.6299526691436768,0.4970245361328125
553551554251599873,0.8992516398429871,0.41796234250068665
553551625621868545,0.775948703289032,0.15288859605789185
553551676700098561,0.8749802112579346,0.36478468775749207
553551887270547459,0.322326123714447,0.5574283599853516
553552452054556672,0.04817996174097061,0.7268174290657043
553551949745119233,0.2603670656681061,0.3353310823440552
553558982476828674,-0.41289106011390686,0.406406968832016
553559105387118592,-0.7200531959533691,0.6111311912536621
553559389102026752,-0.8259623050689697,0.582613468170166
553563604117913600,-0.8081774115562439,0.6207205057144165
553559355438923776,0.05930417776107788,0.2621499300003052
553559484191092737,0.467424601316452,0.03610934317111969
553559569163902976,0.7644177675247192,-0.19857192039489746
553559392604684288,-0.4485825300216675,0.21562142670154572
553560647305560064,-0.2370937615633011,0.16207006573677063
553562157968031744,-0.41718029975891113,0.22486436367034912
553570519052980225,-0.2722128927707672,0.6576860547065735
553571844562120704,-0.6513693332672119,0.19519412517547607
553572054511779840,-0.9144254922866821,0.11902295798063278
553776086816137217,-0.6774816513061523,0.6556174755096436
553566026030272512,0.2616931200027466,-0.4991936683654785
553566115969105920,0.44240477681159973,-0.7056323289871216
553566214174556160,0.20045311748981476,-0.7592431902885437
553566368952377344,-0.04311998188495636,-0.7172392010688782
553567740104286209,-0.25821247696876526,-0.9213875532150269
553568091980824576,-0.19245266914367676,-0.879894495010376
553566385105027072,-0.011111735366284847,-0.5146887302398682
553566995984437248,-0.04025169089436531,-0.4627333879470825
553567072114839553,0.26610347628593445,-0.012862318195402622
553567980354031616,0.5638661980628967,-0.5700104832649231
553568642965979136,0.5300766825675964,-0.6299864053726196
553570156438638592,0.47284576296806335,-0.3009606897830963
553575232867672064,0.5923038721084595,-0.00634269742295146
553575800122118144,0.7597019076347351,0.20292364060878754
553576578933075968,0.9440546035766602,0.01406944915652275
553577304178184192,0.46359434723854065,-0.33269035816192627
553577951661273088,0.47507908940315247,-0.5990608930587769
553577531517837312,0.2598094642162323,-0.14091823995113373
553578126320861184,0.9668235182762146,0.10128747671842575
553578353349758976,0.9214106202125549,-0.017266685143113136
553579370468474880,0.927900493144989,0.04593576863408089
553580837477056514,0.8064975738525391,-0.17285169661045074
553582539034464256,0.3663671314716339,0.2631300389766693
553582756257476609,0.20919698476791382,-0.2205369621515274
553583385005006850,0.41122791171073914,0.25730082392692566
553576010898497536,-0.5520227551460266,0.5304874777793884
553576108466380802,-0.6766555309295654,0.2391512393951416
553576199268876288,-0.32579317688941956,0.6938884258270264
553576559085240320,-0.7414337992668152,0.5661506652832031
553576829345628160,-0.3907985985279083,0.7545809745788574
553577135777255424,-0.6242289543151855,0.7008868455886841
553577990060539904,-0.7047019004821777,0.6902366280555725
553577189837258752,-0.7858511805534363,0.5289671421051025
553577721939251201,-0.5147366523742676,0.23595309257507324
553577770983645186,-0.5778868794441223,0.5696573257446289
553577813056716800,-0.7553547620773315,0.49337705969810486
553577850461519872,-0.3810855448246002,0.7793211340904236
553578217387614208,-0.37064433097839355,0.7333275675773621
553579107620237312,-0.6608167886734009,0.2548741400241852
553579224402235393,-0.3549080491065979,0.12657439708709717
553579500139589632,-0.5089654922485352,-0.14109480381011963
553579540602429440,0.04389726370573044,0.2675221562385559
553584047189159937,0.42076006531715393,0.4049433171749115
553585181517701120,0.70831298828125,0.4346669614315033
553579817980149761,-0.29672935605049133,-0.18813735246658325
553579820563849218,-0.18982994556427002,0.2621362805366516
553580063586000896,-0.2698608934879303,-0.23003487288951874
553580075082203136,-0.6291216611862183,0.04704809561371803
553580255647399936,-0.6667035818099976,0.08222103118896484
553580540662910976,-0.46005767583847046,0.2981235682964325
553580571985580032,-0.1632193624973297,0.5622972249984741
553580917898231808,-0.3037630617618561,0.9122361540794373
553585472145211392,-0.4538327157497406,0.8874217867851257
553585548204720128,-0.014994349330663681,0.6008409261703491
553586766419329024,0.17970360815525055,0.8880525231361389
553587243085209602,0.2825845181941986,0.9575425982475281
553587104656404481,0.2691236138343811,0.7867366671562195
553587353437356032,-0.4189769923686981,0.31504520773887634
553587585126117376,-0.6244876384735107,0.016028165817260742
553587865351753730,-0.7284996509552002,0.24819009006023407
553588028925804544,-0.3367312550544739,0.7242429852485657
553588188648714240,0.25863292813301086,0.48237815499305725
553599279097733120,0.5899125337600708,0.4372328221797943
553582297551998976,-0.17565985023975372,0.28928476572036743
553585746754682880,-0.6778861284255981,0.04189290106296539
553586860334010368,0.014848832972347736,-0.4712808132171631
553586932727693312,0.1359986662864685,-0.23854610323905945
553586964805713920,0.06342915445566177,-0.17730097472667694
553586988419649536,-0.015343896113336086,-0.8395458459854126
553587000578932737,-0.01632925681769848,-0.1672038435935974
553587034762534913,0.005553061608225107,-0.17777158319950104
553587039598571523,0.22718848288059235,-0.19528290629386902
553587040886206466,-0.2265690714120865,-0.5229319930076599
553587067712995328,0.19681860506534576,-0.6273911595344543
553587132045213696,-0.046321943402290344,-0.810307502746582
553587150428856320,0.03399783372879028,-0.804557204246521
553587188500529152,-0.13569104671478271,-0.6981476545333862
553587214987558912,0.19221211969852448,-0.1497279852628708
553587298215133185,-0.18992573022842407,-0.5403263568878174
553587361398132736,0.011242370121181011,-0.831790566444397
553587398169591809,0.052961938083171844,-0.7637202739715576
553587407980077057,-0.21594201028347015,-0.5592839121818542
553587445921759232,0.2524324357509613,-0.1870405226945877
553587467409162240,-0.06150714308023453,-0.17454583942890167
553587620006346752,-0.20368000864982605,-0.3120335340499878
553586897168392192,0.6728261113166809,-0.08038996160030365
553587250232311810,0.7106228470802307,0.21028079092502594
553587367983194113,0.5048494935035706,-0.30086252093315125
553587662658207745,0.9005352854728699,-0.2090989351272583
553588165408473088,0.45465970039367676,0.23768240213394165
553589683402579968,0.6911779642105103,-0.47694653272628784
553757432455770112,0.42938604950904846,-0.7268807291984558
553589974369845248,0.9417279362678528,0.11108547449111938
553590837666656257,0.9807677268981934,-0.20991860330104828
553591055783051264,0.4508703649044037,-0.3713518977165222
553591222456291328,0.3854972720146179,-0.6480293869972229
553594257593106432,0.8791403770446777,0.09705767035484314
553680292381483008,0.37174052000045776,0.09410332143306732
553587013409325058,-0.5826524496078491,-0.148431658744812
553587103922020352,-0.8766176700592041,-0.08505941182374954
553587134838620160,-0.9490400552749634,-0.25737470388412476
553587135274815488,-0.9134451746940613,-0.08104299753904343
553587160088338432,-0.0837123692035675,-0.1134757250547409
553587193772793856,-0.8933082222938538,-0.04575638473033905
553587246516174849,-0.7261435389518738,0.10358212143182755
553587285074386944,-0.893596887588501,-0.26647627353668213
553587377835614209,-0.602808952331543,-0.43187078833580017
553587741720854528,-0.7722055315971375,-0.6563987731933594
553587383397253120,-0.08341246098279953,-0.13655702769756317
553587912949121024,0.057612236589193344,-0.039247363805770874
553588640052674560,-0.06718970090150833,-0.20950640738010406
553589243583672320,-0.15860241651535034,-0.5802247524261475
553589959937257472,-0.23694244027137756,-0.9368095993995667
553588091433537536,0.3280852735042572,-0.15933118760585785
553587387889373186,0.1600693166255951,0.02366759441792965
553587794686513153,0.4467541575431824,0.17075924575328827
553587882741747713,0.49134641885757446,-0.07527107745409012
553588653562150912,0.5017255544662476,0.11669331789016724
553588737750605825,0.4359491765499115,0.19029437005519867
553588971864084481,0.5108174085617065,0.07198096066713333
553647665695956992,0.12340807169675827,0.09325922280550003
553587395942420480,-0.9277136921882629,-0.22018249332904816
553587422445846529,-0.2247573733329773,-0.19760683178901672
553587435511484416,-0.942712128162384,-0.0503217875957489
553587810859757569,-0.9544782638549805,0.00816209428012371
553588214859325440,-0.748383641242981,-0.10448510944843292
553588069610569729,-0.884644627571106,0.12188658118247986
553587551131283458,-0.6309418678283691,0.13088183104991913
553587582962253824,-0.9489346742630005,-0.2164163440465927
553587586241794050,-0.41391703486442566,-0.36578303575515747
553587589417304065,-0.8918812870979309,-0.29217463731765747
553587599856906241,-0.4953070878982544,-0.40243175625801086
553587609759666177,-0.8857198357582092,-0.144388347864151
553587303172833280,-0.584091305732727,-0.3258121907711029
553587370822750210,-0.7243619561195374,-0.5863183736801147
553592274991714306,-0.821988582611084,-0.5715240836143494
553587586703171584,-0.6528775095939636,-0.2632637619972229
553587863921917953,-0.4693428575992584,-0.2593275308609009
553587678726594560,-0.3753584325313568,-0.5684074759483337
553587686762479617,-0.4384284019470215,-0.530581533908844
553587829977399296,-0.5037447810173035,-0.05698356032371521
553587860620996608,-0.3142572343349457,-0.3718552887439728
553588210769883136,-0.5250529646873474,-0.0188614409416914
553588231238090752,-0.903165876865387,-0.4943622946739197
553588250087268352,-0.8172252774238586,-0.5770090222358704
553588252372779008,-0.6223702430725098,-0.016234463080763817
553588413195382784,-0.26638323068618774,-0.037887092679739
553598661863563264,0.03335101157426834,0.20855160057544708
553588519848132609,-0.8861902356147766,-0.3519023358821869
553588700408717312,-0.4717801511287689,-0.5369192957878113
553589077086568448,-0.20832683145999908,-0.4989757239818573
553588708826304514,-0.7368698716163635,-0.5702756643295288
553589221328715776,-0.3532070219516754,0.057964883744716644
553589500572491776,-0.8635984659194946,-0.43671029806137085
553589677433712640,-0.7964147329330444,-0.5818650722503662
553587672137334785,-0.6335812211036682,-0.18621890246868134
553587713535123456,-0.8530011773109436,-0.35244056582450867
553587842623234048,-0.3973325788974762,-0.3093395531177521
553587861636009984,-0.9092860817909241,-0.05782017484307289
553587884263874561,-0.9720049500465393,-0.28241658210754395
553587974680875008,-0.647236168384552,-0.45483508706092834
553587990237171712,-0.9079130291938782,-0.18970632553100586
553588033313046528,-0.8973881006240845,-0.0943993628025055
553588141576454144,-0.36547207832336426,-0.44580116868019104
553596969978179584,-0.03171704709529877,-0.5768174529075623
553588198577025026,-0.6017633676528931,0.1443738341331482
553588238867517441,-0.5671426057815552,0.12480727583169937
553588931707822080,-0.09848286211490631,0.012782863341271877
553589201347035136,-0.44670623540878296,-0.4300110340118408
553589304245493761,-0.5705901980400085,-0.4286898076534271
553589615379374080,-0.504558801651001,-0.39344102144241333
553589786775412737,-0.6396543383598328,0.14413827657699585
553589804492148736,-0.9475196003913879,-0.12166890501976013
553590107807428608,-0.8051497936248779,-0.4122357666492462
553592680866152449,-0.8332170248031616,-0.11681996285915375
553592819622092800,-0.6728394627571106,0.15935644507408142
553593105233248257,-0.7503871917724609,0.29990604519844055
553593746865258497,-0.6581801176071167,0.12701308727264404
553594432743018496,-0.9596602320671082,0.004304389003664255
553595330009518080,-0.970343291759491,-0.16563455760478973
553596198956056576,-0.676642656326294,-0.09311650693416595
553597910504714240,-0.850180983543396,0.10979145765304565
553595514739253248,-0.9458209276199341,-0.3513675332069397
553588178687655936,-0.5148375630378723,0.5359236598014832
553588358044483584,-0.6436324715614319,0.7103937268257141
553588472330452992,-0.417089581489563,0.7583880424499512
553588570368532480,-0.319795161485672,0.7636620402336121
553588750207680512,-0.5014881491661072,0.7517725229263306
553588869409832960,-0.7752440571784973,0.42994481325149536
553589038196981760,-0.5237438082695007,0.758956253528595
553589124125323264,-0.4215816855430603,0.06379730999469757
553589955029512192,-0.5169063210487366,0.8282314538955688
553590627343302657,-0.6354913711547852,0.7948453426361084
553591897458237440,-0.5789849758148193,0.1554020792245865
553593015416008704,-0.4139133393764496,0.7974653244018555
553593923659382784,-0.5694223642349243,0.2780252695083618
553589051044151296,0.39707571268081665,0.4435060918331146
553589181436284930,0.5025352835655212,0.7601667642593384
553589370721013760,0.2545088231563568,0.6886980533599854
553589785202544640,0.47077155113220215,0.17379625141620636
553589976416260096,0.6353398561477661,0.7030615210533142
553590068271529985,0.4510882496833801,0.13102449476718903
553591087793967104,0.127314031124115,-0.017072254791855812
553596772401299456,0.41494354605674744,0.7243392467498779
553602592828563456,0.4787912964820862,0.7145880460739136
553590459688570880,-0.5544551014900208,-0.05220748111605644
553590836588740609,-0.2669529318809509,0.21901200711727142
553590917316505600,-0.21523462235927582,0.03348938748240471
553590922748108801,-0.24660860002040863,-0.20901165902614594
553590957317566466,-0.9304450154304504,-0.08521388471126556
553590965307707393,-0.12795975804328918,0.17766863107681274
553590974044069888,-0.7835291624069214,-0.2215598225593567
553590981967511553,-0.9283506870269775,-0.13168388605117798
553591098074226688,-0.8649574518203735,-0.178238645195961
553591134807920640,-0.3179299533367157,-0.2703178822994232
553591179078410240,-0.7523866295814514,0.16690585017204285
553591360327282689,-0.5769486427307129,-0.3050873875617981
553591453675696129,-0.9117220044136047,-0.11149759590625763
553591555479461888,-0.7511494159698486,-0.24312610924243927
553591570680004608,-0.05884020775556564,0.008703775703907013
553591626485215232,-0.8804337382316589,-0.11080971360206604
553591653404270592,-0.8796047568321228,0.007628660649061203
553591766893727744,-0.17650727927684784,0.10560707747936249
553591990856986624,-0.7226705551147461,-0.2533569037914276
553592018270978049,-0.7686178088188171,0.1180083230137825
553590835850514433,0.3026491105556488,-0.2697191834449768
553590917773656065,0.30703267455101013,0.05602717399597168
553590931866521602,0.5392428636550903,-0.20924720168113708
553591230006067200,0.2702491879463196,0.05258617922663689
553591259009658881,0.4621262848377228,-0.5043991208076477
553591266316152832,0.14037685096263885,-0.4564029574394226
553591307206422528,0.5313317179679871,-0.49304261803627014
553591557325336576,0.5025766491889954,-0.5129783153533936
553591583623245824,0.562287449836731,-0.4491185247898102
553591773537513473,0.055872634053230286,0.02051360160112381
553591850532347906,0.5206680297851562,-0.1695326417684555
553592233354870785,0.578182578086853,-0.4268861711025238
553593201756762113,-0.01545555517077446,-0.19890239834785461
553594057034051584,-0.008216990157961845,-0.3606797456741333
553596117909512192,0.5246952176094055,-0.4553057551383972
553603571200311296,0.45131179690361023,-0.1148504912853241
553615178492043264,-0.19064673781394958,-0.13508065044879913
553615282435289088,-0.569031834602356,-0.22705520689487457
553615451549605888,-0.7185946702957153,-0.4654842019081116
553615536354246656,-0.511390209197998,-0.6012895703315735
553615750175686656,-0.3785243332386017,-0.7287014722824097
