552783667052167168,0.24746128916740417,-0.8073423504829407
552785374507175936,0.552800178527832,-0.5719775557518005
552786226546495488,0.850944995880127,-0.3773728609085083
552789345628069888,0.7844464182853699,-0.025887034833431244
552789153403109376,0.4175230860710144,-0.6803423762321472
552790281276628992,0.12083672732114792,-0.916652262210846
552792862610694144,-0.14032168686389923,-0.7286269664764404
552943855021330432,0.3280637860298157,-0.8754183053970337
552785375161499649,0.72565096616745,-0.25070300698280334
552785851655393281,0.5286529064178467,-0.05833595618605614
552785877748158464,0.9198564291000366,-0.11087728291749954
552788073340489728,0.6265615820884705,-0.504977822303772
552791196247269378,0.5542681813240051,0.01735982671380043
552791516360765440,0.6208069920539856,-0.1882598102092743
552791567401238529,0.880359947681427,-0.10053273290395737
552791830476386306,0.8834891319274902,-0.09365243464708328
552793021256056833,0.8593483567237854,-0.2582714557647705
552792023078825984,0.9358363151550293,-0.026564771309494972
552792048173334528,0.103799007833004,0.24495837092399597
552925665293778945,-0.22444018721580505,0.4133394956588745
552792055122886656,0.8775135278701782,0.11801578849554062
552792212056993792,0.5239776968955994,0.3147412836551666
552792555944153088,0.1502666175365448,0.25140222907066345
552792564554678272,0.3243694305419922,-0.13546636700630188
552792656552939523,0.10167279839515686,0.0923246219754219
552792955052761088,0.47384729981422424,-0.43165940046310425
552794765331144705,0.35652410984039307,-0.8133987188339233
552796152295219200,0.027150366455316544,-0.851898193359375
552792980658987009,0.50284343957901,-0.2853548526763916
552826438798172160,0.6876322031021118,-0.5325965285301208
552793325733183488,0.5080066919326782,0.2827300429344177
552794023258099713,0.8803863525390625,0.05876088887453079
552794111447941121,0.40837040543556213,-0.21903671324253082
552795069691232258,0.6023883819580078,0.2966999411582947
552795629768814592,0.9368913173675537,-0.0017632422968745232
552791578893619200,-0.3036420941352844,-0.2030535787343979
552791675379400705,0.16175633668899536,-0.1544443666934967
552824748879925248,0.5460801124572754,-0.10308796167373657
552792030225920000,-0.5867263078689575,-0.29334697127342224
552792351413133312,-0.46253249049186707,-0.034098509699106216
552792826216329217,-0.5523224472999573,-0.3804895877838135
552793048510648320,-0.36908653378486633,0.05055219307541847
552794374950887425,-0.3803746700286865,0.010234978049993515
552795016725532672,-0.5976538062095642,-0.3231845200061798
552795831599120384,-0.014857991598546505,-0.1629011482000351
552795888134144001,-0.32816532254219055,-0.4378562271595001
552795898196291584,-0.12322299182415009,-0.36510759592056274
552796077561094144,-0.37846457958221436,-0.43066078424453735
552796307627470848,-0.4391750693321228,-0.04668619483709335
552797785427558401,-0.530837893486023,-0.20559269189834595
552808830598262785,-0.5870632529258728,-0.26181381940841675
552810884314443776,-0.2942834794521332,-0.4175855815410614
552818611015131136,-0.3320104479789734,0.28200361132621765
552826072237346817,-0.3054928183555603,0.6926812529563904
552822387448631296,0.11424887925386429,-0.4256575405597687
552825507340091392,0.5053250789642334,-0.5518501996994019
552792544132997121,-0.12917460501194,0.5612316727638245
552792742842363905,0.16410352289676666,0.5203477740287781
552794125167493120,-0.0029159928672015667,0.8491062521934509
552795993553764354,-0.4140360355377197,0.4936577379703522
552798917541511169,-0.4220007061958313,0.06138182431459427
552805237510385664,-0.3036361634731293,-0.3884303569793701
552805439474515968,-0.5862381458282471,-0.45767802000045776
552805557896482816,0.17811079323291779,-0.42451292276382446
552805909425307648,0.43569692969322205,-0.6149082183837891
552806009157464064,0.23353146016597748,-0.047891099005937576
552806259767123968,0.5064778923988342,-0.33326104283332825
552806489363337217,0.27843761444091797,-0.3071502149105072
552808594228670465,0.8023052215576172,-0.15285329520702362
552806438629048320,0.1315864473581314,-0.6994033455848694
552806661149425664,0.1351766139268875,-0.9774345755577087
552816964436230144,-0.4644439220428467,-0.7323693633079529
552798994456674304,-0.5100046396255493,0.7866371870040894
552800910670569472,-0.16829827427864075,0.2564080059528351
552792802309181440,0.5500906109809875,0.04352635517716408
552793142693744640,0.6373353004455566,0.3030128479003906
552793785747660801,0.5269504189491272,-0.23500660061836243
552793899522355200,0.25288665294647217,-0.33933430910110474
552795124288073729,0.173488050699234,-0.6810533404350281
552793901866971136,0.9313653707504272,0.03501393273472786
552795463850930176,0.9295420050621033,0.13397625088691711
552808923707617282,0.13582351803779602,0.3302431106567383
552834504520630274,-0.10427545011043549,0.5894781947135925
552792913910833152,-0.4701409935951233,-0.49138638377189636
552793275770613760,-0.7601227760314941,-0.467860609292984
552793675697094657,-0.06484512239694595,-0.6660639643669128
552805269441622017,0.3205518126487732,-0.7759531736373901
552793775740055552,-0.5036323666572571,-0.10023175925016403
552794232503951360,-0.6385194659233093,-0.7204453349113464
552793679082311680,0.48719048500061035,0.21761122345924377
552794951487352832,0.31476128101348877,0.2672877609729767
552796160101220352,-0.08167773485183716,0.4305812418460846
552796316955574273,-0.40658897161483765,0.39728671312332153
552796379811438593,-0.20156916975975037,0.7541881203651428
552796638436397056,-0.3035068213939667,0.6358935832977295
552796679322492928,-0.057940151542425156,0.009704251773655415
552796766484303872,-0.17643767595291138,0.7610247731208801
552796934134845440,-0.005983083043247461,0.2960086464881897
552797898187210752,-0.39664480090141296,0.44596365094184875
552798473389867009,0.7764983773231506,0.45798760652542114
552800063756709888,0.7448212504386902,0.6317678093910217
552798644244860928,0.813528299331665,0.06104131042957306
552800628012224512,0.4792947471141815,-0.1644846498966217
552801740652036096,0.8117733001708984,0.11817993968725204
552802770873761793,0.9625309109687805,0.10750611871480942
552802654641225728,-0.34657084941864014,-0.5757912993431091
552803445711708160,-0.6226279735565186,-0.5772836208343506
552804023389392896,-0.29985788464546204,-0.8473696708679199
552804298870910977,-0.34245699644088745,-0.8598480224609375
552804602702475265,-0.36090099811553955,-0.13332603871822357
552806033585090560,-0.32496511936187744,-0.839249849319458
552808630022840320,-0.3614690601825714,-0.8195154070854187
552846396106502144,-0.24215911328792572,-0.7971574068069458
552805488631758849,0.3571453392505646,-0.40683120489120483
552805699349016577,0.635036826133728,-0.5993967056274414
552805838323478528,0.6734554767608643,-0.1132371574640274
552807055275220996,0.7547510862350464,0.25730830430984497
552805847777415168,0.2691935896873474,-0.7032858729362488
552805987053490179,-0.03586667403578758,-0.31439679861068726
552807834078171136,-0.3945137560367584,-0.13366398215293884
552809757225287681,-0.49186810851097107,-0.4247773587703705
552810175049244672,-0.4828416705131531,-0.6973913311958313
552810426422267904,-0.3554641902446747,-0.7617464661598206
552809852834418688,-0.5369085073471069,0.23798491060733795
552806316855799808,0.632703959941864,-0.053171172738075256
552808282440859648,0.7002167701721191,0.35712730884552
552845552770351105,0.49755072593688965,0.6533973813056946
552851362808360960,0.16517609357833862,0.7303096055984497
552806438440292352,0.08827619254589081,-0.4911017417907715
552806469217681409,0.004185503348708153,-0.45066380500793457
552807385496973312,-0.2312149554491043,-0.5685348510742188
552810267772334080,-0.41409024596214294,-0.39995989203453064
552812435321536512,-0.3152361512184143,-0.1872788369655609
552813227793321984,-0.016395725309848785,-0.06372286379337311
552813949427544064,-0.08330012112855911,-0.5235480666160583
552814354588909569,-0.04519115388393402,-0.7778018712997437
552814843288223744,0.034587312489748,-0.549192488193512
552815787484778497,0.22622708976268768,-0.61065673828125
552816366101614592,-0.03280668333172798,-0.7124565243721008
552816676249403393,0.3141545057296753,-0.772278904914856
552816957439741952,-0.47512102127075195,-0.5799580812454224
552817506964873216,-0.8640368580818176,-0.36666402220726013
552819015282737153,-0.9772430658340454,-0.005458976607769728
552819482435932160,-0.9359720945358276,0.3042318820953369
552816583614013440,0.46377164125442505,-0.43458092212677
552817149673082882,0.46900296211242676,-0.600290060043335
552817607452016640,0.3813728988170624,-0.8182454705238342
552817735160176641,0.3315518796443939,-0.6976191997528076
552818327521734657,0.3264400064945221,-0.7638335227966309
552818958533816321,0.20190340280532837,-0.8267451524734497
552817983572017153,0.7089172005653381,-0.5968103408813477
552816281737363458,0.27189040184020996,-0.6784727573394775
552816726144864258,0.28118640184402466,-0.9446301460266113
552816942193467396,0.21362519264221191,-0.9604043960571289
552817356779433984,0.11737848073244095,-0.8519014716148376
552817984524152832,0.11609760671854019,-0.8022249341011047
552818300124545025,-0.06502972543239594,-0.7764065265655518
552818667293904898,0.08561018109321594,-0.7671673893928528
552819213165801472,0.29316896200180054,-0.5736714005470276
552819494372921346,-0.055848926305770874,-0.5921968221664429
552819812435369987,-0.4292568266391754,-0.6121274828910828
552819928315617281,0.2590121626853943,-0.32038307189941406
552820213129809921,0.5710336565971375,-0.023061130195856094
552820677338595328,0.8776092529296875,0.1506001055240631
552818473806491650,0.2987580895423889,-0.663747251033783
552816383185010688,-0.16984933614730835,-0.20729441940784454
552814516262555648,-0.1848880797624588,-0.7899469137191772
552815897425891328,-0.2387692630290985,-0.9580750465393066
552816386154590208,-0.10224056988954544,-0.9328052997589111
552814935688740867,0.2544253468513489,0.39040687680244446
552815524741001217,0.17261940240859985,0.7827982306480408
552816766414381057,-0.008234703913331032,0.9565221667289734
552848069629575168,0.5223057866096497,0.15542499721050262
552900298516484098,0.6311068534851074,-0.16570618748664856
552848557766873090,0.420860230922699,0.7068442106246948
552900577697751041,0.48838967084884644,0.7699812650680542
552811444119797761,-0.2409321665763855,-0.8554865121841431
552812691509616642,-0.13872742652893066,-0.7014830708503723
552815133299187712,-0.3568984568119049,-0.7750411629676819
552816072902979584,-0.42712342739105225,-0.5660251975059509
552819966006001664,-0.5646491050720215,-0.4324532449245453
552815313394229253,-0.03704597428441048,-0.3757461607456207
552822741250736128,-0.008058556355535984,-0.8962753415107727
552808195710664704,0.37167033553123474,-0.2683144509792328
552812255805325313,0.6014847755432129,0.02762804739177227
552815468252127232,0.679619312286377,0.3121338188648224
552808637719408641,-0.44719773530960083,-0.4313904047012329
552811728447078400,-0.8213081955909729,-0.29332536458969116
552812476019269632,-0.9401057958602905,-0.02317599207162857
552844861322592256,-0.4776919186115265,-0.4724833369255066
552851028287422464,-0.42911118268966675,-0.3190271556377411
552806494283251712,0.5184006094932556,-0.6213845014572144
552808456894169089,0.36056169867515564,-0.47579944133758545
552814605115064323,0.6838022470474243,-0.5700746178627014
552816063369326592,0.7383458018302917,-0.35305851697921753
552817834628501505,0.9369322657585144,-0.1513923555612564
552818721874378752,0.9411829710006714,0.09818168729543686
552819783675432960,0.7463108897209167,0.1080356165766716
552806943392145408,0.4350106120109558,-0.735908567905426
552807316031287296,-0.16323824226856232,-0.22807443141937256
552811993145835520,-0.634452223777771,0.01981814205646515
552813327018385408,-0.9339959025382996,0.21686238050460815
553121495791464448,-0.8694342374801636,0.16979952156543732
553556666969763841,-0.8773104548454285,0.34954509139060974
552807494545076225,0.6520520448684692,-0.39626944065093994
552807670710038528,0.683495044708252,-0.43008819222450256
552806309540528128,-0.0583084411919117,-0.17077437043190002
552806614973960192,0.03438236191868782,-0.3544980585575104
552806751746396160,0.043785713613033295,-0.3371744155883789
552806767625641984,0.29592692852020264,-0.5269808769226074
552807952315207680,0.5625169277191162,-0.6701629757881165
552808280074878979,0.7480666041374207,-0.6021559238433838
552808639283486722,0.8209002017974854,-0.41593894362449646
552817422366154752,0.5662137866020203,-0.7355176210403442
552827794976022528,0.20740430057048798,-0.76650470495224
552807393453547522,-0.4526520073413849,-0.36894112825393677
552808156468768769,-0.7856831550598145,-0.537158727645874
552807638233120769,-0.03613223880529404,-0.3979378044605255
552808046938697729,0.04461502656340599,0.0836481973528862
552808109551263744,-0.4788612127304077,-0.36689671874046326
552808399885185024,-0.7984225153923035,-0.32007715106010437
552812099294863362,-0.5803934931755066,-0.6052966713905334
552808138831708160,0.009027281776070595,0.08371321111917496
552808267572064256,-0.010841219685971737,-0.3792116343975067
552808387415900160,0.21234948933124542,0.2590464949607849
552809081233080320,0.42736926674842834,0.5414189696311951
552811106046324736,0.3147569000720978,0.5185470581054688
552811900686176257,0.36937451362609863,0.13449230790138245
552812407064899585,0.062102388590574265,-0.07970889657735825
552812983370268672,-0.09929818660020828,-0.3433104157447815
552814267020636160,0.17242372035980225,-0.18473726511001587
552814555764506624,0.3748154640197754,0.04553300142288208
552814637696450560,-0.37666934728622437,-0.5828731656074524
552812425758912512,0.6579591631889343,-0.10456961393356323
552813608694857730,0.9160788059234619,-0.23665574193000793
552814686149017600,0.9443411231040955,-0.12120594829320908
552812220438945793,0.4661318063735962,0.861640214920044
553219824059310080,0.10112088918685913,0.6005181670188904
553221961740857344,0.18662793934345245,0.6498966217041016
553224135334051840,0.30924683809280396,0.7210780382156372
553225926436089856,0.3151264190673828,0.42637377977371216
553226523650437120,0.551551103591919,0.5548914670944214
552808549349199872,0.12939059734344482,-0.003855341812595725
552808821434089472,0.17555111646652222,-0.04772431403398514
552810655657787392,-0.39108043909072876,0.0810505747795105
552811152456318976,-0.6554312705993652,0.28217101097106934
552806757672964097,-0.3364794850349426,-0.2475852370262146
552807298192510977,-0.5852230191230774,-0.4740190804004669
552807311191048193,-0.20339901745319366,0.026865316554903984
552808047643729920,-0.6180012226104736,-0.42892080545425415
552808137737383936,0.012123644351959229,-0.14315883815288544
552810796884189184,0.0273514986038208,-0.40861374139785767
552810800164139008,0.3279751241207123,-0.5330253839492798
552812110678196224,-0.6300352811813354,-0.3151862919330597
552812322075729920,-0.1552358865737915,-0.014959420077502728
552819464711184384,-0.33973273634910583,0.04507507383823395
552823438457311232,-0.6212877035140991,-0.3564292788505554
552825292184514561,-0.05852639675140381,-0.3010599613189697
552905510039465985,-0.559918224811554,-0.17580880224704742
552810448324943872,-0.1722371131181717,-0.5192959308624268
552810626503176192,0.16049015522003174,-0.27131348848342896
552810702990475265,-0.019691096618771553,-0.7461293339729309
552811198543331328,-0.13145078718662262,-0.8248686790466309
552811357889134592,-0.4409550428390503,-0.5543387532234192
552811450226733058,-0.13213509321212769,-0.1042265072464943
552811541884858368,-0.010286958888173103,-0.7136294841766357
552811591683821568,-0.34825536608695984,-0.8556992411613464
552811730204499969,0.10169659554958344,-0.4847604036331177
552811835057909761,-0.30000370740890503,-0.5745517611503601
552817687257415681,-0.33708611130714417,-0.7784196734428406
552811887684251648,-0.4001206159591675,-0.7154412269592285
552811928188645376,-0.3564207851886749,-0.7962815761566162
552812469958111232,-0.2763669192790985,-0.8806175589561462
552812627378724864,-0.38620617985725403,-0.6751182079315186
552813350745153536,0.046708863228559494,-0.23276938498020172
552813534334038017,-0.4089166522026062,-0.552214503288269
552814012791279617,-0.17600928246974945,-0.06727059930562973
552814682839326720,0.0027631972916424274,-0.15696413815021515
552811386259386370,0.330607146024704,-0.4174254536628723
552811563917123584,0.02694842964410782,-0.17508283257484436
552811649602961408,0.3497776985168457,-0.03426994010806084
552812365692289025,0.5723925232887268,-0.695051372051239
552812376375164928,0.5406591892242432,-0.30320921540260315
552812482406780928,0.5549348592758179,-0.6309307217597961
552812526434385921,0.29629969596862793,-0.6871537566184998
552812548366798848,0.3420410752296448,-0.6955792903900146
552812767132934144,0.13355129957199097,-0.6063462495803833
552813011338285056,0.05138096213340759,-0.4327806234359741
552813020465074176,0.3004867136478424,-0.007985285483300686
552813075133636608,0.48058006167411804,-0.7127823233604431
552813563283509248,0.22277171909809113,-0.04639580845832825
552814805456027648,0.5909532904624939,-0.465660035610199
552814818986844160,0.5596776604652405,-0.3509058356285095
552818696864157697,0.0666721761226654,-0.45226290822029114
552822420026183680,0.24960879981517792,-0.6812466979026794
552822921698500608,0.5664693117141724,-0.49082475900650024
552836538875531265,0.06602343916893005,-0.3700183928012848
552814494381256704,-0.4946112334728241,-0.2859463691711426
552814812363620352,-0.30019402503967285,0.02342280000448227
552814927829016577,-0.8140721917152405,-0.4604763090610504
552815415949557760,-0.7760986685752869,-0.5306622385978699
552816420074291200,-0.07065196335315704,-0.24399416148662567
552816523593916416,-0.7842398881912231,-0.3301790952682495
552817606194135041,-0.23897378146648407,-0.4691355228424072
552818286803443713,-0.7602676749229431,-0.5188363790512085
552821574298918913,-0.7410730123519897,-0.4925757646560669
552821795628531715,-0.6174598932266235,-0.089757040143013
552824657028874241,-0.2043081820011139,0.0921097919344902
552816020403269632,0.49741411209106445,0.5747959017753601
552817849845436416,0.6823768019676208,0.7401717901229858
552817939196678144,0.6629126667976379,0.5697510838508606
552830099046035456,0.22795407474040985,0.6843769550323486
552831971370344449,0.61909419298172,0.39025628566741943
552821069036670976,-0.4195661246776581,0.60136878490448
552821934476754944,-0.5043915510177612,0.8634215593338013
552822567057510400,-0.602562665939331,0.7421149611473083
552822679712313344,-0.5923149585723877,0.6154161691665649
552823713876303872,-0.0645851343870163,0.5843251943588257
552824008379736064,-0.6988646984100342,0.7547560930252075
552840282094727168,-0.7244625091552734,0.553642213344574
552824073244246016,-0.5421748757362366,0.8133620619773865
552826863698317312,-0.7124144434928894,0.5634974241256714
552832247737622528,-0.8315897583961487,0.34060347080230713
552833471958499329,-0.9590002298355103,0.18770022690296173
552827345435103234,-0.5158300995826721,0.7830795645713806
552839935280300032,-0.3749018609523773,0.8907634615898132
552827902065385476,0.01593647338449955,0.35121801495552063
552834187426689024,0.37161755561828613,0.11047030985355377
552829975800578048,-0.6532325148582458,0.7829170823097229
552857373015289858,-0.6650027632713318,0.5982865691184998
552833147520692224,-0.38403627276420593,0.8506749868392944
552836153066684416,-0.6825612783432007,0.589137613773346
552836806065262594,-0.5487809181213379,0.8598645925521851
552840084962443264,-0.411773681640625,0.20611825585365295
552840094156349440,-0.08063963800668716,0.2380691021680832
552832817089236992,0.5990520119667053,0.14896166324615479
552837389870448640,0.7732629179954529,-0.12738484144210815
552837806574170113,0.6433325409889221,-0.443566232919693
552842838845980672,0.8406268358230591,0.08267263323068619
552838782710321152,0.6912446618080139,0.4078836441040039
552839062483369984,0.47668537497520447,-0.03147793188691139
552839226317094912,0.5357094407081604,0.47188881039619446
552842578539073537,0.661847710609436,0.7197623252868652
552839829726060544,0.393135666847229,0.38172006607055664
552840158329200640,0.864764928817749,0.08520437777042389
552844205199228929,0.7980154156684875,-0.05382111668586731
552852233901965313,0.27221229672431946,-0.03945964574813843
552833028201144320,0.10998307913541794,-0.5420451760292053
552833272724852736,0.11346842348575592,-0.09676376730203629
552835278625177600,0.11113325506448746,0.27956321835517883
552833319747194882,0.010561896488070488,-0.22425369918346405
552833463087534080,0.263418585062027,-0.3178406357765198
552833464933052416,0.370563268661499,-0.5942054390907288
552833762174992384,0.1854078322649002,-0.8893819451332092
552833887261691905,0.08554451912641525,-0.8918075561523438
552834026948415488,-0.06494336575269699,-0.3413158655166626
552835076573364224,-0.07843437790870667,-0.77156662940979
552836259283218434,0.021610751748085022,-0.04803365468978882
552836882770690049,0.3529886305332184,-0.6586971879005432
552838040503472128,0.3156139552593231,-0.32669511437416077
552840222636265472,-0.024227265268564224,-0.7533731460571289
552842163160367104,0.0008983916486613452,-0.8245043158531189
552842861209993217,0.3078097999095917,-0.7819194197654724
552851863671169024,0.2932063043117523,-0.7435796856880188
552876728326971393,-0.17144739627838135,-0.4465252161026001
552877204304977921,-0.032504528760910034,-0.8228459358215332
552834961762709505,-0.44023191928863525,-0.3782230317592621
552835091714416640,-0.20456156134605408,-0.5283798575401306
552835146844737537,-0.13172587752342224,-0.36612096428871155
552835235982090241,-0.3270263373851776,-0.6504956483840942
552835533009727488,-0.6938936710357666,-0.6486300826072693
552836259433828352,-0.6099427938461304,-0.6430975198745728
552836375670562816,-0.23989291489124298,-0.590811014175415
552836509074591748,-0.7102785706520081,-0.589708149433136
552837270953529345,-0.17082008719444275,-0.523017942905426
552838224981553153,-0.30217888951301575,0.02850358560681343
552840744210161664,-0.653140664100647,0.10070393979549408
552841806245679104,-0.8925933241844177,0.03249223902821541
552844369649098754,-0.6615711450576782,-0.08795730024576187
552844745647460352,-0.3266879916191101,-0.17004205286502838
552845561896771585,-0.8132690191268921,0.32960230112075806
552860931026604032,-0.5175744295120239,0.502661943435669
552843614389559296,-0.7048037052154541,-0.40824025869369507
552849852338831360,-0.34543362259864807,-0.11611594259738922
552848620375261184,0.14452312886714935,0.6523280739784241
552848723001475073,-0.10870527476072311,0.5413126349449158
552848736897216513,0.41584405303001404,0.7661093473434448
552848904426098689,0.2768002450466156,0.24341221153736115
552849973470314496,0.31526660919189453,0.8674752712249756
552850359266197504,-0.14162619411945343,0.6708676218986511
552850544797446144,0.07330929487943649,0.9639374017715454
552852606234947584,-0.08198817819356918,0.8112764358520508
552850999443202049,0.31941866874694824,0.8338549733161926
552851266754596865,-0.12454882264137268,0.6862761974334717
552852018864218112,0.4051232933998108,0.6729254722595215
552853646744899584,0.059180695563554764,0.8849489688873291
552857418062127104,0.34175026416778564,0.9031574130058289
552858826043424768,0.17351575195789337,0.9648380875587463
552870347541053441,0.3099521994590759,0.447862446308136
552874999522934784,-0.13181141018867493,0.29030776023864746
552978099357237248,-0.5437130928039551,-0.3347683250904083
552982992248123393,-0.7548952698707581,-0.5754993557929993
552988724288827395,-0.4370560646057129,-0.5448353886604309
553199352060325888,-0.7931128740310669,-0.20553642511367798
552978184413921281,0.7700971961021423,0.2378873974084854
552979232515948546,0.8808773159980774,-0.003956924192607403
552979530923925504,0.7202796936035156,0.481898695230484
552982613288157184,-0.5208970904350281,0.5295900106430054
552983715224113152,-0.6260438561439514,0.3642849326133728
552990796702814208,-0.710336446762085,0.3748571276664734
552992417969082369,-0.7682179808616638,0.6219198107719421
552997008483811328,-0.12684257328510284,0.5636614561080933
552984502063337472,-0.40694403648376465,-0.442093163728714
552989544589430784,-0.6593343615531921,-0.3482056260108948
552998100764491776,-0.625495195388794,-0.7492178678512573
553091815218237440,-0.018334902822971344,-0.15988753736019135
552996335319007233,-0.3187609016895294,0.46412068605422974
552996575396765696,-0.44605016708374023,0.791789710521698
552997646076739585,-0.08235874772071838,0.07071586698293686
553004470440058881,-0.19537071883678436,0.7423133850097656
553005429492445184,-0.7525891065597534,0.30096665024757385
553008182050947072,-0.9956868290901184,0.08760491758584976
553008434627362816,-0.9188859462738037,-0.19590575993061066
553008784692756480,-0.5622531175613403,-0.34371259808540344
553009507186393088,-0.4058328866958618,-0.7434791326522827
553009820409024512,-0.09169464558362961,-0.9474656581878662
553010394327834625,0.2539849281311035,-0.8310950994491577
553010804069781505,0.44172418117523193,-0.6288396716117859
553011245737992193,0.5500476956367493,-0.4168126583099365
553023915963191296,0.4880715012550354,-0.7186165452003479
553023430443167746,-0.9343063235282898,0.1326231062412262
553042679412436992,0.024701952934265137,0.44470253586769104
553107921081749504,0.30179402232170105,-0.5873349905014038
553109367042887680,0.11304921656847,-0.7842785120010376
553110037116502016,-0.06036018580198288,-0.23142178356647491
553111518230106112,0.5172555446624756,-0.8448125123977661
553115272031113216,0.5403266549110413,-0.37076976895332336
553116396469510144,0.5565346479415894,-0.7769092917442322
553132986087268352,0.2677081525325775,-0.8149556517601013
553152395371630592,0.06586972624063492,0.4069107472896576
553153997226663936,0.19103197753429413,0.6645406484603882
553154805905235968,0.2323603332042694,0.6020023226737976
553161717803671552,-0.010418791323900223,0.6676883101463318
553170581282377729,-0.07412714511156082,0.6238165497779846
553170977061081088,0.27718257904052734,0.39828962087631226
553171006244663297,0.1421845406293869,0.17262586951255798
553171130757173249,0.005135185085237026,-0.020389115437865257
553171137782620160,-0.1842375248670578,0.21052467823028564
553171643091398656,0.15415062010288239,0.032099399715662
553174304016584704,0.08546441048383713,0.7392369508743286
553178733059002368,0.058581795543432236,0.7379904389381409
553179390176419842,-0.1465306580066681,0.5022176504135132
553195530273456128,0.014070939272642136,0.6890541315078735
553196346375954433,0.18629632890224457,0.07008025795221329
553211957302816768,0.22137390077114105,0.5726067423820496
553220108219609088,-0.1676817387342453,0.16827063262462616
553226339743186944,0.13381503522396088,0.12485966086387634
553255878628237313,0.1472439020872116,0.7144681215286255
553256620881616896,0.2593950033187866,0.8197751641273499
553257491203899392,0.335411936044693,0.9073571562767029
553258349870206978,0.4526865482330322,0.8239927887916565
553160652567498752,-0.5000206828117371,-0.49606335163116455
553160945657462785,-0.5807381272315979,-0.1441614329814911
553161275904376832,-0.42474645376205444,-0.7436940670013428
553167760579379201,-0.2732071578502655,-0.6586394309997559
553169488104140801,-0.43138349056243896,-0.6948502659797668
553170260791427072,-0.12723109126091003,-0.1884104311466217
553175352366100482,-0.6815927624702454,-0.6986204981803894
553179653238964225,-0.5238789916038513,-0.7113266587257385
553183053523476480,-0.5000264644622803,-0.7532998323440552
553183997090889730,-0.7556143999099731,-0.6756358742713928
553227312976908289,-0.7703078985214233,-0.4423027038574219
553237817086967809,-0.7824627757072449,-0.42033177614212036
553164985460068352,0.20897026360034943,0.6514730453491211
553165132474634240,0.3505837321281433,0.38873356580734253
553165237680353280,0.41004329919815063,0.7690789699554443
553165585115516928,0.28836220502853394,0.9779167771339417
553165669043548160,0.4456333518028259,0.486612468957901
553165727231139840,-0.04501022771000862,0.6353675127029419
553166958397771776,-0.0877256989479065,0.3062734305858612
553166961514127360,0.402500718832016,0.49669501185417175
553167053742694400,0.04319293424487114,0.8762423396110535
553170739592179713,0.16535735130310059,0.9465911388397217
553187846035873793,0.4412279725074768,0.8307095766067505
553188194339258368,-0.09367312490940094,0.6093251705169678
553188299758911488,0.34014928340911865,0.9111335277557373
553189559149035520,0.44941964745521545,0.44703027606010437
553301531340972032,-0.028751488775014877,0.763960063457489
553184482241814530,0.5141635537147522,0.36242663860321045
553184702530453505,0.618004560470581,0.054354146122932434
553184777315287040,0.7380070686340332,0.14340081810951233
553184841873633280,0.20209373533725739,0.3407404124736786
553184912258654208,0.8008756041526794,0.351176381111145
553185239791857664,0.5705425143241882,0.5702418684959412
553185273639895040,0.7301828861236572,0.5262463092803955
553185403650322432,0.49970048666000366,0.6110298037528992
553185449150541824,0.2829592823982239,0.007009488996118307
553186074311528448,0.6727539300918579,0.1026887446641922
553187655434108928,0.8247870206832886,0.4889538288116455
553187777689694208,0.07012301683425903,0.5784814357757568
553197339813220352,-0.37707972526550293,0.679081916809082
553199295588212736,-0.7171550393104553,0.6665843725204468
553199414659907584,-0.6488332748413086,0.5867814421653748
553187813668425728,0.24397844076156616,0.0942022055387497
553188394113986561,0.34381920099258423,0.45999908447265625
553197749240221699,0.5873361825942993,0.6429974436759949
553198944998543360,0.7181992530822754,0.6092351675033569
553498348674875393,-0.02068607322871685,0.24755871295928955
553549483984711681,-0.35507431626319885,0.0005100896232761443
553549691129192448,-0.6255497932434082,-0.2178417444229126
553188436178264066,0.44457200169563293,0.5939280986785889
553189048052105216,0.2984486222267151,0.6492576599121094
553200322231808001,-0.04059503227472305,0.6825488805770874
553192939888058369,0.7036771774291992,0.1596546471118927
553195335661912064,0.31893661618232727,0.48931318521499634
553195879692517376,0.7901256680488586,0.3036896288394928
553196247319064576,0.8224443197250366,0.5239949822425842
553197863971610624,0.3942256271839142,-0.40898460149765015
553198239399157761,0.5374327898025513,-0.10464854538440704
553198499891007488,-0.23418566584587097,-0.4857805669307709
553199418032521216,-0.3160441815853119,-0.7870665192604065
553201111159824384,-0.5406675934791565,-0.6305382251739502
553201660953366528,-0.4897468090057373,-0.7387003898620605
553891758271369216,-0.5268608331680298,-0.5559855699539185
553199058849103872,0.7174555659294128,-0.5792825818061829
553199853820723201,0.41318026185035706,-0.07547248154878616
553201889685553153,0.017204124480485916,-0.18954342603683472
553202633377599488,0.06224263459444046,-0.6241124868392944
553210433570881536,-0.3017050623893738,-0.6407809257507324
553213293964562434,-0.5639560222625732,-0.4004385769367218
553213552337891328,-0.755569577217102,-0.46886128187179565
553203171674181634,0.6709849834442139,-0.6660695672035217
553203187533230080,0.24321605265140533,0.04427621141076088
553203804628598784,0.7295668721199036,-0.5269001722335815
553203833921613824,0.7074101567268372,-0.5342053771018982
553203935088214017,0.41395294666290283,-0.6840341687202454
553217526646439936,0.29148927330970764,-0.8045905232429504
553204674766331904,0.7246140241622925,-0.5970047116279602
553205437043326976,0.5805431604385376,-0.10626238584518433
553211195881426944,0.16357001662254333,-0.45060232281684875
553212936995762176,0.6281267404556274,-0.6396892666816711
553212962044149761,-0.6340318918228149,0.4547872841358185
553213078889062401,-0.6387088894844055,0.14141176640987396
553213257943879681,-0.6300462484359741,0.7394401431083679
553213579672178689,-0.8153261542320251,0.3044685423374176
553214220364685313,-0.7678266763687134,0.6671937108039856
553214228488667136,-0.35204556584358215,0.6370145678520203
553214496567590914,-0.594456136226654,0.1394611895084381
553217937117831168,-0.6687136292457581,-0.15979886054992676
553232132269953024,-0.3782902657985687,0.2548165023326874
553221600955621376,-0.3087540864944458,0.39234286546707153
553228413922967552,-0.49990028142929077,0.5895095467567444
553262052899164161,-0.1997857242822647,0.5420835614204407
553461741917863936,0.6761651039123535,0.2514232397079468
553462142481870849,0.8837087750434875,0.05493105575442314
553462405800288256,0.8684130907058716,0.4842202961444855
553462823498416128,0.3737490475177765,0.3048667311668396
553462961365581824,0.39117002487182617,-0.12805625796318054
553504117230800896,0.03105061873793602,-0.44955453276634216
553514398871216128,-0.3473453223705292,-0.6237601041793823
553463231386497024,0.6441683173179626,0.5250152349472046
553463489209978880,0.7322391867637634,-0.04354363679885864
553464272043638785,0.6662595272064209,0.5494321584701538
553464786277916673,0.3724070191383362,0.19145241379737854
553464877118132224,0.9102627038955688,0.12157761305570602
553467937575952384,0.9440506100654602,0.275607168674469
553469592488931328,0.8660974502563477,0.4226548969745636
553471188530249730,0.8649608492851257,0.17062115669250488
553496340580556800,0.9035151600837708,0.1567377895116806
553503688946225152,0.5707353949546814,0.48943427205085754
553535342049902592,0.7268189787864685,0.5302531123161316
554282491549196289,0.514930784702301,-0.08554378896951675
554412391279374336,0.43961209058761597,0.4748023450374603
553467311261503488,-0.1844772845506668,0.6226961612701416
553468547184467969,-0.3359033167362213,0.33935093879699707
553481000379248640,0.017371272668242455,0.8126913905143738
553470492565602305,-0.3141448199748993,0.590835690498352
553471272353402880,-0.42469725012779236,0.8380843997001648
553471490734039040,-0.058951377868652344,0.5783138871192932
553472346838007810,-0.01245891023427248,0.22304528951644897
553473556345290752,-0.5330234169960022,0.40104538202285767
553474160530587648,-0.5618596076965332,0.8006150126457214
553484447207923712,-0.38837578892707825,0.884288489818573
553474188259102720,0.499340295791626,-0.48243358731269836
553475360936165376,0.7545443177223206,-0.4644486904144287
553476443314061312,0.7026359438896179,-0.6066186428070068
553478423411441664,0.5672534704208374,-0.747657299041748
553479692133470209,0.4490715563297272,-0.7413012981414795
553482152743288833,0.7479567527770996,-0.4082750082015991
553488128364007424,0.3495446741580963,-0.7367891669273376
553494933437689856,0.7405222654342651,-0.3592774569988251
553498708395175936,0.5434698462486267,-0.19619081914424896
553506819294121985,0.5920210480690002,-0.7620860934257507
553508132459393024,0.13710114359855652,-0.22807182371616364
553509614952914944,0.6348332762718201,-0.21294249594211578
553536816238710784,0.19547396898269653,-0.5475699305534363
553476490315431937,0.15852373838424683,0.9129638671875
553476849196879873,-0.021495843306183815,0.8980916142463684
553478083672424448,0.4081040620803833,0.8420955538749695
553479876632936448,-0.05217485502362251,0.8893989324569702
553480808947015680,0.14357858896255493,0.8878217935562134
553476880339599360,-0.07447421550750732,0.5499473810195923
553477770622533632,0.12687362730503082,0.5487871170043945
553478152983699456,0.20685337483882904,0.7560239434242249
553480929612943361,0.4536701440811157,0.632785439491272
553483798810087424,0.514596164226532,0.835493266582489
553484589277396992,0.3279246389865875,0.9093294739723206
553484321848573952,0.6770159602165222,0.2990909218788147
553484905125281792,0.19206054508686066,0.8204993605613708
553496235320303616,-0.09272374957799911,0.9112863540649414
553496771700477952,-0.3696522116661072,0.6724450588226318
553496857683701760,0.1190686896443367,0.8614508509635925
553503079216451585,0.3778117895126343,0.7572394013404846
553530851091558400,0.6193040013313293,0.7260817289352417
553478941798051841,-0.3303302228450775,0.5630514025688171
555631356286234624,-0.30318158864974976,0.6751019954681396
553478289474740224,0.5603373646736145,0.422105610370636
553481203886460928,0.669626772403717,0.5491495132446289
553481569675911168,0.6484789252281189,0.7388898134231567
553481697124052993,0.7566810846328735,0.6787140369415283
553482001651470336,0.8310664892196655,0.31621330976486206
553485100932157440,0.38115209341049194,0.5885283350944519
554212158133633025,0.29983407258987427,0.14089664816856384
553486439129038848,0.6613149642944336,0.04707910865545273
553486598328041472,0.760924220085144,-0.20298443734645844
553486812787007488,0.9207367300987244,0.21976609528064728
553486913970397186,0.6946625113487244,0.3251104950904846
553487052776693761,0.7634778618812561,0.27818864583969116
553487150550089728,0.44309788942337036,-0.20136334002017975
553487414409564160,0.7641146779060364,0.30797088146209717
553487881113989120,0.9156399965286255,-0.06946941465139389
553543395717550080,0.2825932502746582,-0.1550154834985733
553489393202499584,0.5221772193908691,0.245454341173172
553489471413714944,0.49998077750205994,-0.01871103048324585
553489533526765568,0.6613284945487976,0.03269480913877487
553489581035622401,0.8227689862251282,0.3234112858772278
553490069609136128,0.14216473698616028,0.23971284925937653
553490522523070464,0.2075873613357544,0.36085355281829834
553490860369653761,0.5840499997138977,-0.036755405366420746
553491367159017472,0.8445651531219482,0.40920430421829224
553503751609143296,0.37208396196365356,0.4749995172023773
553501357156876290,0.08267153054475784,0.5673078298568726
553501672035856384,-0.007148853037506342,0.9209483861923218
553504019742990336,-0.1523008942604065,0.9498517513275146
553501710497628162,0.20556876063346863,0.8742124438285828
553501723743223808,0.10356882214546204,0.055558089166879654
553502186999529473,0.11763882637023926,-0.37303048372268677
553501889254678528,0.1637151837348938,0.38386964797973633
553502135204478976,0.3068557679653168,0.4767773151397705
553502087661645824,0.33067336678504944,0.7804291248321533
553503611104542720,0.48381564021110535,0.5868761539459229
553504747508879360,0.7333938479423523,0.5228140354156494
553502133979713536,-0.2907631993293762,0.5584065914154053
553502599358722048,-0.5259891152381897,0.8022345304489136
553502205748080640,0.3541027903556824,0.3871769607067108
553502788819632129,-0.16285711526870728,0.43050551414489746
553503274176110592,0.02731851302087307,0.2114911824464798
553503283986563073,0.1882134974002838,0.9155308604240417
553503331356651521,0.108133465051651,0.9317671060562134
553503365100228609,-0.006095266900956631,0.8467976450920105
553503523539652608,-0.18172544240951538,0.30208852887153625
553503876394262528,0.36607521772384644,0.3868001699447632
553503184174710784,-0.5315414071083069,0.21424798667430878
553503409807327232,-0.7244850397109985,0.4157578945159912
553503544280875008,-0.6798984408378601,0.031002312898635864
553503712157904898,-0.7187537550926208,0.03883165493607521
553504624830066688,-0.8540964126586914,-0.06195233762264252
553503810073952257,-0.7889410257339478,0.15421411395072937
553503820425093120,-0.8274118900299072,0.39048758149147034
553504209635536896,-0.22996331751346588,0.30657416582107544
553504306998300672,-0.7104055285453796,0.44754618406295776
553504493803819008,-0.029758868739008904,0.34328708052635193
553510071494529024,0.3105580508708954,0.5042451620101929
553504854794969088,-0.7119090557098389,0.00850325170904398
553504861321703424,-0.6678817272186279,0.4622006118297577
553505371260588032,-0.3886411786079407,0.4525319039821625
553505793249923072,-0.16729623079299927,-0.02517355978488922
553505863827079168,-0.6644641160964966,-0.004574391059577465
553506057432342528,-0.14852944016456604,-0.087832011282444
553506283958333440,-0.42593589425086975,0.45768341422080994
553506824109191168,-0.7834709286689758,0.017991943284869194
553523299045875715,-0.9999999403953552,0.01578587479889393
553531200149925890,-0.9194918870925903,0.08724458515644073
553535276245864448,-0.9554587006568909,-0.1505875140428543
553507708574244864,-0.8794923424720764,0.3905850946903229
553507716329529344,-0.628970205783844,0.005127068608999252
553505242554175489,0.05320170894265175,0.6412109732627869
553505379079159808,0.1749534159898758,0.9031240940093994
553506555250106368,0.052747391164302826,0.9713515639305115
553506956686532608,-0.14945313334465027,0.471583753824234
553507669831876608,-0.18833544850349426,0.6702462434768677
553508940634673152,0.307163268327713,0.49789848923683167
553509339701727233,0.016884371638298035,0.9359890818595886
553511231735099392,-0.195915088057518,0.4143487811088562
553513937246097408,-0.15615658462047577,0.42074862122535706
553516610275655680,0.31378546357154846,0.7194865345954895
553620764516429825,0.0334731861948967,0.9996535181999207
553689869810409473,0.19706013798713684,0.8063416481018066
553693040649334785,0.3319542109966278,0.19423392415046692
553703181440786435,0.5431172251701355,-0.20021289587020874
553824308959928320,-0.2078656256198883,0.6484923958778381
553506608203169792,0.12131395936012268,-0.2704384922981262
553507133464248320,-0.1019553691148758,-0.2609480321407318
553507208382930944,0.3119044601917267,-0.3345405161380768
553507222324801536,0.3238290846347809,-0.15080425143241882
553507283108655104,0.18493549525737762,0.014320645481348038
553507344932294657,0.326242595911026,-0.425326406955719
553507375211364352,-0.117435522377491,-0.07782626897096634
553507495604678658,-0.16542242467403412,-0.33543553948402405
553522189337890816,-0.37566250562667847,-0.23824648559093475
553507538860126211,0.24056409299373627,-0.524506688117981
553507613900820481,0.3050820231437683,-0.6220428943634033
553508114436476929,0.42210379242897034,-0.8615699410438538
553507679621378049,0.2859373688697815,-0.47037896513938904
553507700546367488,0.2192481905221939,-0.5416940450668335
553507937121878016,0.24176335334777832,-0.4906017482280731
553508241981046784,-0.033771928399801254,0.28364068269729614
553512763906334722,-0.18772569298744202,0.6063445210456848
553526618720075776,-0.07117871940135956,0.6570146679878235
553508411178885121,-0.03519642353057861,-0.4296311140060425
553508438224142336,-0.1292981505393982,-0.15226857364177704
553508576422285312,0.25934725999832153,-0.4580501914024353
553508636505673729,0.2721105217933655,-0.04727102071046829
553509397063041024,-0.10039263963699341,-0.30425775051116943
553508098825261056,0.3850027024745941,0.4934404194355011
553509102790668289,0.6398935914039612,0.405095636844635
553509365081456640,0.6409174203872681,0.5120877027511597
553509546602553344,0.4522591233253479,0.7949722409248352
553511652587360256,0.15436279773712158,0.6368873119354248
553513832971513856,0.5964265465736389,0.7287042737007141
553518690872745985,0.17389072477817535,0.6801992058753967
553521549395771392,0.031718771904706955,0.38767704367637634
553538244923883520,-0.2687727212905884,0.4860455095767975
553555326125895680,-0.49237367510795593,0.35267043113708496
553573926786580480,-0.7721464037895203,0.44958359003067017
553524499803815937,0.674892008304596,0.5560035109519958
553538031513530368,0.15122348070144653,0.14778238534927368
553540518853242880,-0.052301302552223206,-0.256136029958725
553540761632120832,0.00737508200109005,-0.6090185046195984
553541311484014592,0.14726661145687103,-0.7895581126213074
553541660408545280,0.30971643328666687,-0.7744879722595215
553542076999409664,0.23413662612438202,-0.703864574432373
553542207731662850,0.26266440749168396,-0.6889017820358276
553551811282751488,0.36742186546325684,0.10779054462909698
553512735192141826,0.4419972598552704,-0.47558632493019104
553513642478813184,0.6709631085395813,-0.4448874592781067
553513916572381185,0.5882310271263123,-0.298875093460083
553514819085946881,0.6362454891204834,-0.7007666230201721
553516393791238145,0.16950660943984985,-0.5985954999923706
553820631087988736,0.6753619909286499,-0.7074674963951111
553518472798683136,-0.6294515132904053,0.15705324709415436
553518706681053184,-0.5751138925552368,-0.15153290331363678
553518879222161408,-0.36120256781578064,0.014892990700900555
553518923409547264,-0.8911612629890442,0.019477685913443565
553519009149100032,-0.8173463940620422,-0.02616913989186287
553519647400554497,-0.6271682381629944,-0.13586314022541046
553519787943690242,-0.5128205418586731,0.370660662651062
553519836249071617,-0.8271463513374329,0.4030553698539734
553520097395245056,-0.30739811062812805,0.27259203791618347
553520342111494145,-0.9314936399459839,0.21343982219696045
553520622920536064,-0.7349321246147156,0.4206557869911194
553520926906941440,-0.2729746997356415,-0.06889940798282623
553521113733824513,-0.5154011249542236,-0.10862107574939728
553521154921881600,-0.4929962158203125,-0.15729232132434845
553521233162031104,-0.4852988123893738,0.40095487236976624
553521356378476544,-0.88770592212677,0.2882232666015625
553521412934475777,-0.544514000415802,0.4125650227069855
553521650831196160,-0.8795952200889587,0.37208855152130127
553521787225796608,-0.6339031457901001,0.20384061336517334
553524538903109632,-0.6327388882637024,0.339255690574646
553522878902468608,-0.7482703328132629,0.39057594537734985
553531413459660800,0.5608800649642944,0.41021013259887695
553531601838432257,0.5567152500152588,0.6754012107849121
553531861885259776,0.2856965959072113,0.561223030090332
553532010447527936,0.8428418040275574,0.633784830570221
553532431517876225,0.19506952166557312,0.5330837368965149
553532938508587008,0.7843571901321411,0.5445663928985596
553533391216582656,0.6334004402160645,0.08770397305488586
553534531522011136,0.7638232111930847,0.6498977541923523
553535185695043584,0.8134592771530151,0.33297204971313477
553535295111847936,0.8893730044364929,0.12214122712612152
553535680979427328,0.21748203039169312,0.3143337070941925
553538891228385280,0.8333908319473267,0.39996039867401123
553542100143591426,0.7239904999732971,0.22210414707660675
554247300738854912,0.47126349806785583,0.08914308249950409
553534838880608256,0.021454982459545135,0.5799444913864136
553535353790152705,0.20663627982139587,0.8102468252182007
553535415073132544,-0.20057860016822815,0.28939682245254517
553535417555759106,0.12390957027673721,0.8604475259780884
553535440821575682,-0.14093832671642303,0.2174469381570816
553535581586993152,0.24937450885772705,0.6850451231002808
553536257670672384,0.29107388854026794,0.5478935241699219
553539103879200769,-0.2327367216348648,0.6419276595115662
553535829017370625,0.05700256675481796,-0.7131525278091431
553535952459952129,-0.08640017360448837,-0.9180381894111633
553536361786277888,-0.11217810958623886,-0.9328022003173828
553536495433580545,0.2705878019332886,-0.38738858699798584
553541692243316737,0.32038944959640503,-0.7714781761169434
553551642369753088,-0.20209291577339172,-0.6777978539466858
553538058440941568,0.504636287689209,-0.18474645912647247
553538279073935360,0.7644230723381042,-0.37677672505378723
553538295855349761,0.7082306146621704,-0.3628363013267517
553538493738405888,0.6163250803947449,0.054903484880924225
553538596938846208,0.10457714647054672,-0.030416516587138176
553538823989493760,0.7749293446540833,-0.16716231405735016
553538912065712129,0.6571136116981506,-0.3550926148891449
553538987554385920,0.6755994558334351,0.02399134635925293
553539141443788800,0.13103491067886353,0.05865399166941643
553539293076279296,0.08956325799226761,-0.16706642508506775
553539507786903552,0.7293745279312134,-0.06387174874544144
553539728067551232,0.7309306859970093,-0.03848949074745178
553539730449924096,0.15520869195461273,-0.3662792444229126
553539889237884928,-0.044922422617673874,-0.6527917385101318
553540999465926657,-0.04354925826191902,-0.14094513654708862
553539762624012288,0.8434013724327087,-0.32889220118522644
553540050676219904,0.854812502861023,-0.30779600143432617
553541495588802560,0.6592727899551392,-0.40478554368019104
553541618993618945,0.13699541985988617,0.0118565633893013
553541672471396352,0.5157791376113892,-0.418148010969162
553543369604210689,-0.519646167755127,0.48381778597831726
553543653424386049,-0.404612272977829,0.7142239809036255
553543671308886016,-0.7899028062820435,0.42743930220603943
553544356700094464,-0.7255897521972656,0.5073046684265137
553544770430464000,-0.7534951567649841,0.41306981444358826
553545251651342337,-0.7055435180664062,0.698725700378418
553547724860456961,-0.5281199216842651,0.23814137279987335
553548084656214016,-0.8218584656715393,0.12261629104614258
553548128138584065,-0.32067492604255676,0.3527967631816864
553548166629691392,-0.035288937389850616,0.3285045325756073
553548306383912960,0.4485197067260742,0.40632370114326477
553548731690520576,0.8303689956665039,0.48593825101852417
553550815940837376,-0.845691442489624,0.16468340158462524
553551580801536000,-0.7111559510231018,-0.04088965803384781
553549440263675904,-0.04605618864297867,0.3887752592563629
553549946738446336,0.41342878341674805,0.22964245080947876
553552954297692160,0.7823032140731812,0.06863530725240707
553553099470946304,0.9324732422828674,0.10197483003139496
553544252563935234,0.35361188650131226,-0.5211517214775085
553544568130768897,0.08039110898971558,-0.5503460168838501
553544735131201536,0.32835036516189575,-0.8235144019126892
553544746430652416,0.4635372459888458,-0.7898483872413635
553545099905601536,0.588876485824585,-0.42631351947784424
553545546947104768,0.6318485140800476,-0.5016801953315735
553545985624784896,0.1680879145860672,-0.13974899053573608
553546195772407808,0.190312460064888,-0.7597559690475464
553549302187192320,0.6090155839920044,-0.5339796543121338
553550518531141632,0.19685329496860504,-0.6979836821556091
553550704888279041,0.6171433925628662,-0.6687811613082886
553555098157060097,0.2749844193458557,-0.131525456905365
553557332261490688,0.3145185112953186,-0.8446530103683472
553560398365212672,0.13765422999858856,-0.7018086910247803
554305263046754305,0.591791570186615,-0.2961511015892029
553544694765215745,-0.5839176774024963,-0.12951941788196564
553545265592799232,-0.2705214023590088,0.052809227257966995
553545342055354368,-0.776763916015625,-0.31687554717063904
553545574528864256,-0.7637894153594971,0.021054783836007118
553545600655187969,-0.5327771306037903,-0.3864887058734894
553545642422046721,-0.5823020339012146,0.13617560267448425
553545656590434304,-0.6746410131454468,-0.3882007896900177
553545733513969665,-0.36343562602996826,0.1399427354335785
553545780905385984,-0.879586935043335,-0.23692457377910614
553545820235366400,-0.48941683769226074,0.14112097024917603
553545835548782592,-0.30429330468177795,-0.26452121138572693
553545981296648193,-0.7314907312393188,0.0740717276930809
553546903842222080,-0.8875674605369568,-0.12757062911987305
553547771127812096,-0.7934907078742981,-0.34053918719291687
553553375103819776,-0.29300808906555176,-0.33376938104629517
553548567420628992,0.42015540599823,0.3107975125312805
553549149787140096,0.36249876022338867,0.0574064701795578
553550408346779648,0.2959347367286682,-0.2913720905780792
553551840428949504,0.2335696816444397,-0.6741094589233398
553552036915335169,0.42057615518569946,-0.8850463628768921
553553247953514496,0.5419011116027832,-0.7127329111099243
553553754424115200,0.6985903382301331,-0.6292638182640076
553554620229115905,0.48676350712776184,-0.31713593006134033
553555066754695168,0.18108442425727844,0.004630516283214092
553555725084270593,-0.1364857256412506,0.2628951072692871
553552100417110017,-0.013794015161693096,-0.8104544878005981
553551001077424128,0.5797067880630493,0.1819818764925003
553552287889494017,0.12404640018939972,0.22450649738311768
553552395704082432,0.5832170844078064,0.6015862226486206
553552625724301314,0.6550386548042297,0.3231948912143707
553553255255781376,0.37073442339897156,0.6167877316474915
553554289835376643,0.09360116720199585,0.246327206492424
553559162018611201,0.34220755100250244,-0.11102768033742905
553560292635189248,0.13772369921207428,-0.5003228783607483
553561410920521729,-0.1575300246477127,-0.7399272918701172
553562623200210944,-0.4317860007286072,-0.635722279548645
553565149790224387,-0.6667289733886719,-0.5562231540679932
553559527216656385,0.6347803473472595,0.5679452419281006
553549686129561600,0.014918962493538857,0.32402509450912476
553549946725875712,0.11464980244636536,0.578218400478363
553550000584540160,0.4530780017375946,0.5124035477638245
553550482925715458,0.6953718066215515,0.5706769824028015
553551156081745920,0.5906345844268799,0.7086780667304993
553567997835882496,0.6109744906425476,0.2546105682849884
553550998497918976,0.6409990191459656,0.7861476540565491
553551171802382336,0.5086633563041687,0.2105422466993332
553550346195574784,0.06069105863571167,0.6061902642250061
553550767034875904,0.1864013671875,0.5019253492355347
553551562732470272,-0.15121306478977203,-0.10950547456741333
553552662088937472,-0.2757834792137146,-0.5175642967224121
553552734935601152,-0.3451833426952362,-0.8189311027526855
553555095317929985,-0.4234781265258789,-0.7106994390487671
553555102423089152,-0.20777489244937897,0.4164617955684662
553555141731700737,0.22948144376277924,0.12876635789871216
553573995858382849,-0.40528053045272827,-0.0058385287411510944
553574442014875648,-0.2888995409011841,-0.27678626775741577
553574968563625985,-0.32628393173217773,0.18411774933338165
553575543757471744,-0.5296704173088074,0.1768297702074051
553577555966836737,-0.6716938614845276,-0.18762867152690887
553581318630821888,-0.4279274642467499,-0.3003484606742859
553584470264410113,-0.7257021069526672,-0.08878621459007263
553574899302670337,-0.00027621418121270835,0.6107184290885925
553550301886955520,0.4406423568725586,0.3066493272781372
553550417272258560,0.15898878872394562,0.23351402580738068
553550450788548608,0.1888284832239151,0.125809445977211
553550497852821504,0.6436091661453247,0.183404803276062
553550508565479425,0.376522421836853,0.5923410058021545
553550602920558592,0.6161038279533386,0.12330249696969986
553550610675818496,0.5336448550224304,0.0690779834985733
553550658402414593,0.6958073973655701,0.3075646758079529
553550697128796161,0.19954776763916016,0.08988131582736969
553550843321286656,0.10572139918804169,0.3857331871986389
553550944949272576,0.15755309164524078,0.1440742462873459
553550971167834113,0.25375667214393616,0.5044302940368652
553551000293085186,0.18249091506004333,0.15144310891628265
553551446164402176,0.5869080424308777,0.13499978184700012
553551554251599873,0.7542983889579773,0.4982157051563263
553551625621868545,0.5616595149040222,0.5786715149879456
553551676700098561,0.7458893656730652,0.4734816551208496
553551887270547459,0.7864387631416321,0.24677851796150208
553552452054556672,0.9545177817344666,0.0981038436293602
553551949745119233,0.2491203099489212,0.4660400152206421
553558982476828674,-0.5573875904083252,0.2927659749984741
553559105387118592,-0.29873228073120117,0.45284029841423035
553559389102026752,0.004716134164482355,0.5144498348236084
553563604117913600,0.1688152551651001,0.6989029049873352
553559355438923776,-0.6131724715232849,0.6749308705329895
553559484191092737,-0.4032075107097626,0.8783704042434692
553559569163902976,-0.12078049033880234,0.8442927598953247
553559392604684288,-0.5003871321678162,0.4040425717830658
553560647305560064,-0.33647748827934265,-0.025795046240091324
553562157968031744,-0.811315655708313,0.3155694901943207
553570519052980225,-0.656647801399231,-0.02292638085782528
553571844562120704,-0.5722748041152954,0.6443411707878113
553572054511779840,-0.3621097803115845,0.8121713995933533
553776086816137217,-0.5821345448493958,-0.052512988448143005
553566026030272512,-0.5697807669639587,-0.27624818682670593
553566115969105920,-0.7576040029525757,-0.06795497983694077
553566214174556160,-0.8839777112007141,-0.23244808614253998
553566368952377344,-0.37437182664871216,-0.5997839570045471
553567740104286209,-0.25966519117355347,-0.8857737183570862
553568091980824576,-0.09875380247831345,-0.7706953287124634
553566385105027072,-0.6723514795303345,-0.5200958847999573
553566995984437248,-0.6073063015937805,-0.510272204875946
553567072114839553,-0.8584375977516174,-0.40524908900260925
553567980354031616,-0.903437614440918,-0.38046833872795105
553568642965979136,-0.271546870470047,0.13684619963169098
553570156438638592,-0.11479301005601883,-0.19123458862304688
553575232867672064,0.6089922189712524,0.1333709955215454
553575800122118144,0.8974952101707458,0.2713797092437744
553576578933075968,0.093194879591465,0.08470458537340164
553577304178184192,0.9037822484970093,0.292998731136322
553577951661273088,0.883445680141449,0.2622183859348297
553577531517837312,0.34055936336517334,-0.0017948837485164404
553578126320861184,0.8592244982719421,0.020336588844656944
553578353349758976,0.620546281337738,0.03450918570160866
553579370468474880,0.9791029095649719,0.07705511152744293
553580837477056514,0.8756117224693298,-0.019936418160796165
553582539034464256,0.8676854968070984,0.2603350281715393
553582756257476609,0.8009450435638428,-0.03981819748878479
553583385005006850,0.46688997745513916,0.3741687834262848
553576010898497536,-0.5973074436187744,0.46772581338882446
553576108466380802,-0.5702969431877136,0.7071144580841064
553576199268876288,-0.7007373571395874,0.6353984475135803
553576559085240320,-0.678939938545227,0.15590894222259521
553576829345628160,-0.44979819655418396,0.6524758338928223
553577135777255424,-0.45748651027679443,0.7508595585823059
553577990060539904,-0.2703924775123596,0.8886004090309143
553577189837258752,-0.6644169092178345,0.6504510045051575
553577721939251201,-0.7665850520133972,0.6094458699226379
553577770983645186,-0.8289541006088257,0.44267964363098145
553577813056716800,-0.4781048595905304,0.12295661121606827
553577850461519872,-0.6679837107658386,0.2265855073928833
553578217387614208,-0.8166610598564148,0.37451276183128357
553579107620237312,-0.4690304398536682,0.6996837258338928
553579224402235393,-0.10327697545289993,-0.37772178649902344
553579500139589632,-0.18346218764781952,-0.7043578624725342
553579540602429440,-0.45810583233833313,-0.4488496482372284
553584047189159937,-0.70998215675354,-0.3076309859752655
553585181517701120,-0.6128717660903931,-0.039382509887218475
553579817980149761,0.05255834758281708,-0.6404431462287903
553579820563849218,0.04874469339847565,-0.2080891877412796
553580063586000896,0.0013126266421750188,-0.6837255358695984
553580075082203136,0.13664300739765167,-0.08374839276075363
553580255647399936,-0.0915239080786705,-0.6996358633041382
553580540662910976,-0.20146659016609192,-0.6953579187393188
553580571985580032,-0.22087495028972626,0.3234313726425171
553580917898231808,0.09383746981620789,0.6309546828269958
553585472145211392,0.4463530480861664,0.7376072406768799
553585548204720128,-0.22740644216537476,0.7620110511779785
553586766419329024,-0.18140047788619995,0.9480474591255188
553587243085209602,-0.050861623138189316,0.7236987352371216
553587104656404481,-0.08266837894916534,0.9328055381774902
553587353437356032,-0.2633192241191864,0.7233561873435974
553587585126117376,-0.019642071798443794,0.8152047395706177
553587865351753730,-0.3766416311264038,0.3977290391921997
553588028925804544,-0.4535917043685913,0.4979285001754761
553588188648714240,-0.5473238229751587,0.4999644458293915
553599279097733120,-0.7605018615722656,0.4604959487915039
553582297551998976,0.0279681496322155,-0.6558784246444702
553585746754682880,0.03389269858598709,-0.24838392436504364
553586860334010368,0.1763954758644104,-0.5089291930198669
553586932727693312,-0.08080866187810898,-0.5614147186279297
553586964805713920,0.4030420780181885,-0.618201732635498
553586988419649536,0.3036367893218994,-0.2844104468822479
553587000578932737,0.20241837203502655,-0.16249659657478333
553587034762534913,0.1488705277442932,-0.8404347896575928
553587039598571523,0.1465768963098526,-0.19142624735832214
553587040886206466,0.05491408333182335,-0.2112005352973938
553587067712995328,0.35857057571411133,-0.26746436953544617
553587132045213696,-0.10987842082977295,-0.47666001319885254
553587150428856320,0.3876376152038574,-0.7183697819709778
553587188500529152,0.10537374019622803,-0.8229638934135437
553587214987558912,0.3383873999118805,-0.8080359697341919
553587298215133185,-0.029805544763803482,-0.6595706939697266
553587361398132736,0.28057584166526794,-0.154800146818161
553587398169591809,-0.08414623141288757,-0.45561683177948
553587407980077057,0.22338689863681793,-0.8691923022270203
553587445921759232,0.2965383529663086,-0.8017081618309021
553587467409162240,-0.10447869449853897,-0.5367938280105591
553587620006346752,0.3677085340023041,-0.22905956208705902
553586897168392192,0.5593066215515137,-0.048083554953336716
553587250232311810,0.17571724951267242,0.06563609838485718
553587367983194113,0.7361593246459961,0.12708798050880432
553587662658207745,0.666749894618988,0.17078334093093872
553588165408473088,0.41388002038002014,-0.3109944462776184
553589683402579968,0.4945891201496124,0.3870978057384491
553757432455770112,0.33722659945487976,0.7294148802757263
553589974369845248,0.8637246489524841,-0.19028455018997192
553590837666656257,0.4216180741786957,-0.3407023549079895
553591055783051264,0.8637131452560425,-0.1675548553466797
553591222456291328,0.9694647789001465,-0.26290589570999146
553594257593106432,0.20556949079036713,-0.23277732729911804
553680292381483008,0.8387599587440491,-0.024363519623875618
553587013409325058,-0.5941314101219177,-0.0551505982875824
553587103922020352,-0.8603546619415283,0.021173251792788506
553587134838620160,-0.580909252166748,0.2244551181793213
553587135274815488,-0.8843367695808411,0.0972592756152153
553587160088338432,-0.9292834997177124,-0.1655619591474533
553587193772793856,-0.9210408926010132,-0.019977087154984474
553587246516174849,-0.1478017419576645,-0.03711612522602081
553587285074386944,-0.9232050776481628,0.01678748056292534
553587377835614209,-0.8168594837188721,0.09624425321817398
553587741720854528,-0.9000172019004822,0.13081195950508118
553587383397253120,-0.5898367762565613,-0.3405018150806427
553587912949121024,-0.31918665766716003,-0.12436380237340927
553588640052674560,-0.15879055857658386,0.2437339723110199
553589243583672320,-0.0686575397849083,0.646517276763916
553589959937257472,-0.017556803300976753,0.9695236682891846
553588091433537536,-0.5981507897377014,-0.6577355265617371
553587387889373186,0.3074372410774231,-0.061896443367004395
553587794686513153,0.6419862508773804,-0.1490313708782196
553587882741747713,0.6734382510185242,0.04809349402785301
553588653562150912,0.6688696146011353,0.0030154548585414886
553588737750605825,0.6430580615997314,-0.19866801798343658
553588971864084481,0.6715238690376282,-0.16036731004714966
553647665695956992,0.6229748725891113,0.08930628001689911
553587395942420480,-0.4097578525543213,-0.19237592816352844
553587422445846529,-0.9305290579795837,-0.10524344444274902
553587435511484416,-0.8003115653991699,0.08601139485836029
553587810859757569,-0.5550559759140015,-0.1096826046705246
553588214859325440,-0.849583089351654,-0.2639687955379486
553588069610569729,-0.9354036450386047,0.36524292826652527
553587551131283458,-0.5696120858192444,-0.3136594593524933
553587582962253824,-0.86542147397995,-0.014144353568553925
553587586241794050,-0.668566882610321,0.21244852244853973
553587589417304065,-0.9628433585166931,-0.09931357204914093
553587599856906241,-0.4252372980117798,-0.24406492710113525
553587609759666177,-0.8625377416610718,-0.21125498414039612
553587303172833280,-0.5195778608322144,-0.27180612087249756
553587370822750210,-0.8659984469413757,-0.12172529101371765
553592274991714306,-0.9257115721702576,0.14394573867321014
553587586703171584,-0.7207534313201904,-0.5169840455055237
553587863921917953,-0.8042628765106201,-0.5660830140113831
553587678726594560,-0.7107400298118591,-0.15017655491828918
553587686762479617,-0.22788338363170624,-0.4001086950302124
553587829977399296,-0.30680644512176514,-0.5028336644172668
553587860620996608,-0.3790929615497589,-0.511137843132019
553588210769883136,-0.22149118781089783,-0.23917606472969055
553588231238090752,-0.2211841642856598,-0.31759944558143616
553588250087268352,-0.44609692692756653,0.007790880743414164
553588252372779008,-0.8527235984802246,-0.4621758759021759
553588413195382784,-0.8146919012069702,-0.012841714546084404
553598661863563264,-0.8872529864311218,0.2942335605621338
553588519848132609,-0.6319712996482849,-0.04902232810854912
553588700408717312,-0.3381105363368988,-0.4447755515575409
553589077086568448,-0.40160828828811646,-0.6540154814720154
553588708826304514,-0.7912903428077698,-0.47523871064186096
553589221328715776,-0.18110162019729614,-0.04986431449651718
553589500572491776,-0.6773486137390137,-0.5553693175315857
553589677433712640,-0.27232277393341064,0.06666537374258041
553587672137334785,-0.5513094663619995,-0.3146583139896393
553587713535123456,-0.7489163279533386,-0.5917625427246094
553587842623234048,-0.8661256432533264,-0.39543068408966064
553587861636009984,-0.7770228385925293,-0.5087751746177673
553587884263874561,-0.3010617196559906,-0.4612504243850708
553587974680875008,-0.7704964876174927,-0.19764317572116852
553587990237171712,-0.8672239780426025,-0.4478519558906555
553588033313046528,-0.5720993280410767,-0.6030592322349548
553588141576454144,-0.8965095281600952,-0.17141510546207428
553596969978179584,-0.9254692792892456,0.10606583207845688
553588198577025026,-0.7826716899871826,-0.39776262640953064
553588238867517441,-0.26097968220710754,-0.2354605346918106
553588931707822080,-0.5069834589958191,0.012881223112344742
553589201347035136,-0.43747660517692566,-0.028501426801085472
553589304245493761,-0.046555377542972565,-0.10576965659856796
553589615379374080,-0.40445831418037415,-0.5610489845275879
553589786775412737,-0.46683773398399353,-0.5661991834640503
553589804492148736,-0.3209288418292999,-0.40508756041526794
553590107807428608,-0.5288949608802795,0.01944025047123432
553592680866152449,-0.7606373429298401,-0.3746299147605896
553592819622092800,-0.8692601323127747,-0.15067081153392792
553593105233248257,-0.8808702230453491,0.13662634789943695
553593746865258497,-0.6785884499549866,0.32196128368377686
553594432743018496,-0.7014151811599731,0.3390631079673767
553595330009518080,-0.594695508480072,0.14097775518894196
553596198956056576,-0.9468165636062622,-0.03295886516571045
553597910504714240,-0.9653481841087341,-0.24749401211738586
553595514739253248,-0.5447250008583069,-0.4716477692127228
553588178687655936,-0.6067792773246765,0.4618523418903351
553588358044483584,-0.7071062922477722,0.14854811131954193
553588472330452992,-0.5420799851417542,0.7226359248161316
553588570368532480,-0.6686277985572815,0.6750515699386597
553588750207680512,-0.5084173083305359,0.6829538345336914
553588869409832960,-0.437814325094223,0.6755141615867615
553589038196981760,-0.5860990285873413,0.6703004837036133
553589124125323264,-0.8302032947540283,0.3044677674770355
553589955029512192,-0.5939957499504089,0.6916742324829102
553590627343302657,-0.4830814301967621,0.0315156914293766
553591897458237440,-0.5848707556724548,0.7348747253417969
553593015416008704,-0.6920557618141174,0.7156455516815186
553593923659382784,-0.6301279067993164,0.08897106349468231
553589051044151296,0.5721915364265442,-0.09250588715076447
553589181436284930,0.5235262513160706,-0.33234331011772156
553589370721013760,0.9287808537483215,-0.18955747783184052
553589785202544640,0.5691232681274414,0.18588483333587646
553589976416260096,0.2734200060367584,0.1834954023361206
553590068271529985,0.7511093020439148,-0.16729596257209778
553591087793967104,0.7693758010864258,0.09980412572622299
553596772401299456,0.7143417000770569,-0.3123718500137329
553602592828563456,0.24565649032592773,-0.29502591490745544
553590459688570880,-0.5215476155281067,0.1741112917661667
553590836588740609,-0.6401591300964355,0.4094906151294708
553590917316505600,-0.7869675159454346,0.3021770119667053
553590922748108801,-0.2677834928035736,0.3909056782722473
553590957317566466,-0.23682734370231628,0.23596888780593872
553590965307707393,-0.12555834650993347,-0.018444344401359558
553590974044069888,-0.8685776591300964,0.24395723640918732
553590981967511553,-0.24925360083580017,0.3615610599517822
553591098074226688,-0.6964091658592224,-0.04369685426354408
553591134807920640,-0.8240869641304016,0.18340203166007996
553591179078410240,-0.8027845025062561,0.16829907894134521
553591360327282689,-0.2710247337818146,-0.1245284453034401
553591453675696129,-0.8031779527664185,0.3498346209526062
553591555479461888,-0.46216291189193726,-0.11364573985338211
553591570680004608,-0.8501256108283997,0.26403361558914185
553591626485215232,-0.6307275295257568,-0.06767917424440384
553591653404270592,-0.0453212708234787,0.13372187316417694
553591766893727744,-0.8079975247383118,0.2129678726196289
553591990856986624,-0.8824012279510498,0.2605900764465332
553592018270978049,-0.1345442682504654,0.21485425531864166
553590835850514433,0.3175337314605713,-0.1951015442609787
553590917773656065,0.13688071072101593,-0.07335018366575241
553590931866521602,0.5637873411178589,-0.21336017549037933
553591230006067200,0.2698538601398468,0.0827973335981369
553591259009658881,0.5620695352554321,-0.26722171902656555
553591266316152832,0.29300522804260254,0.08435937017202377
553591307206422528,0.4657190144062042,-0.44863593578338623
553591557325336576,0.13629238307476044,-0.36305373907089233
553591583623245824,0.537909984588623,-0.4131634831428528
553591773537513473,0.4906821846961975,-0.44689059257507324
553591850532347906,0.5695123672485352,-0.3928772211074829
553592233354870785,0.016583232209086418,0.01757730543613434
553593201756762113,0.5223585367202759,-0.14432018995285034
553594057034051584,0.5909581780433655,-0.35886871814727783
553596117909512192,-0.043593667447566986,-0.12238609790802002
553603571200311296,0.04611698538064957,-0.2845703661441803
553615178492043264,0.06379804760217667,0.1570376604795456
553615282435289088,-0.19748084247112274,0.46206656098365784
553615451549605888,-0.5229363441467285,0.6181426048278809
553615536354246656,-0.7697811722755432,0.5242772698402405
553615750175686656,-0.8694998621940613,0.31539154052734375
