553587387889373186,0.08097987421504521
553587383397253120,0.06290420453273635
553587435511484416,0.06289286929057564
553587377835614209,0.05935438280983579
553587103922020352,0.056345020851775285
553587134838620160,0.056345020851775285
553587135274815488,0.056345020851775285
553587160088338432,0.056345020851775285
553587193772793856,0.056345020851775285
553587246516174849,0.056345020851775285
553587285074386944,0.056345020851775285
553587395942420480,0.056345020851775285
553587422445846529,0.056345020851775285
553587551131283458,0.056345020851775285
553587582962253824,0.056345020851775285
553587586241794050,0.056345020851775285
553587589417304065,0.056345020851775285
553587599856906241,0.056345020851775285
553587609759666177,0.056345020851775285
553588640052674560,0.003559976840056256
553588214859325440,0.003359079567549173
553589959937257472,0.00019013674521879627
553586860334010368,7.886474409179717e-16
553538058440941568,3.43472141331153e-16
552811386259386370,3.1387838241421037e-16
553152395371630592,2.989507251577065e-16
552791578893619200,2.1428072028578078e-16
553518472798683136,1.8872133877089332e-16
552833272724852736,1.0276179891088572e-16
552792955052761088,1.0237174793307963e-16
552791830476386306,1.0161820275501397e-16
552792980658987009,1.0106475510668908e-16
552792048173334528,1.0057491692182076e-16
552833319747194882,9.672571943141582e-17
552833463087534080,9.672571943141582e-17
552833464933052416,9.672571943141582e-17
552833762174992384,9.672571943141582e-17
552833887261691905,9.672571943141582e-17
552834026948415488,9.672571943141582e-17
552835076573364224,9.672571943141582e-17
552836259283218434,9.672571943141582e-17
552836882770690049,9.672571943141582e-17
552838040503472128,9.672571943141582e-17
552840222636265472,9.672571943141582e-17
552842163160367104,9.672571943141582e-17
552842861209993217,9.672571943141582e-17
552851863671169024,9.672571943141582e-17
552876728326971393,9.672571943141582e-17
552877204304977921,9.672571943141582e-17
552791516360765440,9.629746898722113e-17
552791567401238529,9.629746898722113e-17
552792023078825984,9.629746898722113e-17
552792055122886656,9.629746898722113e-17
552792212056993792,9.629746898722113e-17
552792555944153088,9.629746898722113e-17
552792564554678272,9.629746898722113e-17
552792656552939523,9.629746898722113e-17
552793325733183488,9.629746898722113e-17
552794023258099713,9.629746898722113e-17
552794111447941121,9.629746898722113e-17
552795069691232258,9.629746898722113e-17
552795629768814592,9.629746898722113e-17
553521787225796608,9.275018370395677e-17
553518706681053184,8.780581437223936e-17
553518879222161408,8.780581437223936e-17
553518923409547264,8.780581437223936e-17
553519009149100032,8.780581437223936e-17
553519647400554497,8.780581437223936e-17
553519787943690242,8.780581437223936e-17
553519836249071617,8.780581437223936e-17
553520097395245056,8.780581437223936e-17
553520342111494145,8.780581437223936e-17
553520622920536064,8.780581437223936e-17
553520926906941440,8.780581437223936e-17
553521113733824513,8.780581437223936e-17
553521154921881600,8.780581437223936e-17
553521233162031104,8.780581437223936e-17
553521356378476544,8.780581437223936e-17
553521412934475777,8.780581437223936e-17
553521650831196160,8.780581437223936e-17
553522878902468608,8.780581437223936e-17
553508098825261056,6.017024024546551e-17
553551887270547459,5.5066196557517636e-17
553550417272258560,5.189054618558844e-17
553550450788548608,5.189054618558844e-17
553550497852821504,5.189054618558844e-17
553550508565479425,5.189054618558844e-17
553550602920558592,5.189054618558844e-17
553550610675818496,5.189054618558844e-17
553550658402414593,5.189054618558844e-17
553550697128796161,5.189054618558844e-17
553550843321286656,5.189054618558844e-17
553550944949272576,5.189054618558844e-17
553550971167834113,5.189054618558844e-17
553551000293085186,5.189054618558844e-17
553551446164402176,5.189054618558844e-17
553551554251599873,5.189054618558844e-17
553551625621868545,5.189054618558844e-17
553551676700098561,5.189054618558844e-17
553551949745119233,5.189054618558844e-17
552811563917123584,4.925643345977193e-17
552811649602961408,4.925643345977193e-17
552812365692289025,4.925643345977193e-17
552812376375164928,4.925643345977193e-17
552812482406780928,4.925643345977193e-17
552812526434385921,4.925643345977193e-17
552812548366798848,4.925643345977193e-17
552812767132934144,4.925643345977193e-17
552813011338285056,4.925643345977193e-17
552813020465074176,4.925643345977193e-17
552813075133636608,4.925643345977193e-17
552813563283509248,4.925643345977193e-17
552814805456027648,4.925643345977193e-17
552814818986844160,4.925643345977193e-17
552818696864157697,4.925643345977193e-17
552822420026183680,4.925643345977193e-17
552822921698500608,4.925643345977193e-17
552836538875531265,4.925643345977193e-17
553587303172833280,4.59005945383552e-17
553164985460068352,4.5178144302444416e-17
553579224402235393,4.473556533808544e-17
552848620375261184,4.194743258162272e-17
553590836588740609,4.004801140912674e-17
553590917316505600,4.004801140912674e-17
553590922748108801,4.004801140912674e-17
553590957317566466,4.004801140912674e-17
553590965307707393,4.004801140912674e-17
553590974044069888,4.004801140912674e-17
553590981967511553,4.004801140912674e-17
553591098074226688,4.004801140912674e-17
553591134807920640,4.004801140912674e-17
553591179078410240,4.004801140912674e-17
553591360327282689,4.004801140912674e-17
553591453675696129,4.004801140912674e-17
553591555479461888,4.004801140912674e-17
553591570680004608,4.004801140912674e-17
553591626485215232,4.004801140912674e-17
553591653404270592,4.004801140912674e-17
553591766893727744,4.004801140912674e-17
553591990856986624,4.004801140912674e-17
553592018270978049,4.004801140912674e-17
552833028201144320,3.9549749900515363e-17
553576010898497536,3.8913165584106736e-17
552805488631758849,3.2799005540026287e-17
552806757672964097,2.9603484812801203e-17
553539889237884928,2.2987855061416716e-17
553540999465926657,2.2987855061416716e-17
553580571985580032,1.95593130150352e-17
553256620881616896,1.865122131805843e-17
552834961762709505,1.7970614783123278e-17
552840744210161664,1.573909590145583e-17
553566026030272512,1.5244190019187685e-17
553586897168392192,1.4848179883597893e-17
553575232867672064,1.44267712544309e-17
552821069036670976,1.4328620747552887e-17
553501672035856384,1.394417207736568e-17
552824748879925248,1.3542800160694307e-17
552826072237346817,1.327949599823806e-17
552825507340091392,1.317847666152718e-17
553501723743223808,1.3113161838413726e-17
553502133979713536,1.2904740200945703e-17
553502087661645824,1.2904134944008692e-17
553501889254678528,1.2809178138126025e-17
553501710497628162,1.2101750012889273e-17
553502205748080640,1.2101750012889273e-17
553502788819632129,1.2101750012889273e-17
553503274176110592,1.2101750012889273e-17
553503283986563073,1.2101750012889273e-17
553503331356651521,1.2101750012889273e-17
553503365100228609,1.2101750012889273e-17
553503523539652608,1.2101750012889273e-17
553503876394262528,1.2101750012889273e-17
553255878628237313,1.1998088312920197e-17
552835091714416640,1.1911238289732675e-17
552835146844737537,1.1911238289732675e-17
552835235982090241,1.1911238289732675e-17
552835533009727488,1.1911238289732675e-17
552836259433828352,1.1911238289732675e-17
552836375670562816,1.1911238289732675e-17
552836509074591748,1.1911238289732675e-17
552837270953529345,1.1911238289732675e-17
552838224981553153,1.1911238289732675e-17
552843614389559296,1.1911238289732675e-17
552849852338831360,1.1911238289732675e-17
553153997226663936,1.1890423367601323e-17
553154805905235968,1.1890423367601323e-17
553161717803671552,1.1890423367601323e-17
553170581282377729,1.1890423367601323e-17
553170977061081088,1.1890423367601323e-17
553171006244663297,1.1890423367601323e-17
553171130757173249,1.1890423367601323e-17
553171137782620160,1.1890423367601323e-17
553171643091398656,1.1890423367601323e-17
553174304016584704,1.1890423367601323e-17
553178733059002368,1.1890423367601323e-17
553179390176419842,1.1890423367601323e-17
553195530273456128,1.1890423367601323e-17
553196346375954433,1.1890423367601323e-17
553211957302816768,1.1890423367601323e-17
553220108219609088,1.1890423367601323e-17
553226339743186944,1.1890423367601323e-17
553579540602429440,1.15862158597363e-17
553590835850514433,1.1484075903995458e-17
553197863971610624,1.1072041792925478e-17
553579500139589632,1.0758282504922185e-17
553579817980149761,1.0758282504922185e-17
553579820563849218,1.0758282504922185e-17
553580063586000896,1.0758282504922185e-17
553580075082203136,1.0758282504922185e-17
553580255647399936,1.0758282504922185e-17
553580540662910976,1.0758282504922185e-17
553582297551998976,1.0758282504922185e-17
553585746754682880,1.0758282504922185e-17
552806309540528128,1.061912983275416e-17
553524538903109632,1.0288289187158322e-17
553585548204720128,9.841037560361433e-18
553545265592799232,9.155259612279532e-18
553545342055354368,9.155259612279532e-18
553545574528864256,9.155259612279532e-18
553545600655187969,9.155259612279532e-18
553545642422046721,9.155259612279532e-18
553545656590434304,9.155259612279532e-18
553545733513969665,9.155259612279532e-18
553545780905385984,9.155259612279532e-18
553545820235366400,9.155259612279532e-18
553545835548782592,9.155259612279532e-18
553545981296648193,9.155259612279532e-18
553546903842222080,9.155259612279532e-18
553547771127812096,9.155259612279532e-18
553553375103819776,9.155259612279532e-18
553559105387118592,8.1167389981113e-18
553559355438923776,8.041230908592177e-18
553571844562120704,7.795014565987986e-18
553540518853242880,7.477592915804553e-18
553588188648714240,7.429662192058174e-18
553559392604684288,7.167428430165082e-18
553560647305560064,7.167428430165082e-18
553562157968031744,7.167428430165082e-18
553570519052980225,7.167428430165082e-18
553776086816137217,7.167428430165082e-18
553538244923883520,7.124510375405279e-18
553212962044149761,6.978531620995081e-18
552811835057909761,6.672330912552357e-18
553573995858382849,6.452688236089592e-18
553580917898231808,6.450092656118105e-18
552811900686176257,6.197539295015294e-18
553588028925804544,6.142172644069418e-18
552796152295219200,6.074278945858484e-18
552810626503176192,5.980222951085049e-18
552810702990475265,5.980222951085049e-18
552811198543331328,5.980222951085049e-18
552811357889134592,5.980222951085049e-18
552811450226733058,5.980222951085049e-18
552811541884858368,5.980222951085049e-18
552811591683821568,5.980222951085049e-18
552811730204499969,5.980222951085049e-18
552811887684251648,5.980222951085049e-18
552811928188645376,5.980222951085049e-18
552812469958111232,5.980222951085049e-18
552812627378724864,5.980222951085049e-18
552813350745153536,5.980222951085049e-18
552813534334038017,5.980222951085049e-18
552814012791279617,5.980222951085049e-18
552814682839326720,5.980222951085049e-18
553535829017370625,5.893078642942895e-18
553160652567498752,5.4433752935317845e-18
552802654641225728,5.393981057697879e-18
553538031513530368,5.1746544031315614e-18
553588358044483584,5.1673206029426306e-18
553588472330452992,5.1673206029426306e-18
553588570368532480,5.1673206029426306e-18
553588750207680512,5.1673206029426306e-18
553588869409832960,5.1673206029426306e-18
553589038196981760,5.1673206029426306e-18
553589124125323264,5.1673206029426306e-18
553589955029512192,5.1673206029426306e-18
553590627343302657,5.1673206029426306e-18
553591897458237440,5.1673206029426306e-18
553593015416008704,5.1673206029426306e-18
553593923659382784,5.1673206029426306e-18
553486439129038848,5.150536131710686e-18
553521549395771392,5.095822683582197e-18
552811993145835520,5.0145725297400644e-18
553478289474740224,4.836356824604768e-18
553509102790668289,4.606459058102483e-18
553509365081456640,4.606459058102483e-18
553509546602553344,4.606459058102483e-18
553511652587360256,4.606459058102483e-18
553513832971513856,4.606459058102483e-18
553518690872745985,4.606459058102483e-18
553524499803815937,4.606459058102483e-18
553551811282751488,4.606459058102483e-18
553584047189159937,4.555711233158556e-18
553693040649334785,4.523155873522379e-18
553505379079159808,4.516011889026498e-18
553506555250106368,4.516011889026498e-18
553506956686532608,4.516011889026498e-18
553507669831876608,4.516011889026498e-18
553508940634673152,4.516011889026498e-18
553509339701727233,4.516011889026498e-18
553511231735099392,4.516011889026498e-18
553513937246097408,4.516011889026498e-18
553516610275655680,4.516011889026498e-18
553620764516429825,4.516011889026498e-18
553689869810409473,4.516011889026498e-18
553824308959928320,4.516011889026498e-18
553470492565602305,4.442327798473025e-18
552807834078171136,4.308985169853122e-18
553615178492043264,4.138011616296915e-18
552811106046324736,3.964623442406719e-18
553590917773656065,3.897519727739866e-18
553590931866521602,3.897519727739866e-18
553591230006067200,3.897519727739866e-18
553591259009658881,3.897519727739866e-18
553591266316152832,3.897519727739866e-18
553591307206422528,3.897519727739866e-18
553591557325336576,3.897519727739866e-18
553591583623245824,3.897519727739866e-18
553591773537513473,3.897519727739866e-18
553591850532347906,3.897519727739866e-18
553592233354870785,3.897519727739866e-18
553593201756762113,3.897519727739866e-18
553594057034051584,3.897519727739866e-18
553596117909512192,3.897519727739866e-18
553603571200311296,3.897519727739866e-18
552805557896482816,3.7053976050605786e-18
553489471413714944,3.582068538592005e-18
553489533526765568,3.582068538592005e-18
553489581035622401,3.582068538592005e-18
553490069609136128,3.582068538592005e-18
553490522523070464,3.582068538592005e-18
553490860369653761,3.582068538592005e-18
553491367159017472,3.582068538592005e-18
553503751609143296,3.582068538592005e-18
552982613288157184,3.580996715351957e-18
553489393202499584,3.4172596899796974e-18
552852606234947584,3.4009521767400378e-18
553010394327834625,3.3975103485646567e-18
552808282440859648,3.377321627454955e-18
553486598328041472,3.313435515603528e-18
553486812787007488,3.313435515603528e-18
553486913970397186,3.313435515603528e-18
553487052776693761,3.313435515603528e-18
553487150550089728,3.313435515603528e-18
553487414409564160,3.313435515603528e-18
553487881113989120,3.313435515603528e-18
553543395717550080,3.313435515603528e-18
553513642478813184,3.2947132681173705e-18
553513916572381185,3.2947132681173705e-18
553514819085946881,3.2947132681173705e-18
553516393791238145,3.2947132681173705e-18
553820631087988736,3.2947132681173705e-18
553577990060539904,3.2770215473861915e-18
553586766419329024,3.116223694086837e-18
552807055275220996,3.0013766926756153e-18
552816366101614592,2.9085898286101838e-18
552996335319007233,2.9020227044253963e-18
553587353437356032,2.8538485574790163e-18
553589077086568448,2.812382374528719e-18
552814812363620352,2.7532777698411347e-18
552814927829016577,2.7532777698411347e-18
552815415949557760,2.7532777698411347e-18
552816420074291200,2.7532777698411347e-18
552816523593916416,2.7532777698411347e-18
552817606194135041,2.7532777698411347e-18
552818286803443713,2.7532777698411347e-18
552821574298918913,2.7532777698411347e-18
552821795628531715,2.7532777698411347e-18
552824657028874241,2.7532777698411347e-18
552792913910833152,2.7450937537863556e-18
552808456894169089,2.6804295842114373e-18
552812983370268672,2.60648905679161e-18
552814843288223744,2.5698471759817325e-18
552807385496973312,2.562606810466162e-18
553592274991714306,2.5514167160616925e-18
552808195710664704,2.5424344192170593e-18
552812220438945793,2.5372551438855224e-18
553587104656404481,2.4966987078051962e-18
552818300124545025,2.488091620229655e-18
552796160101220352,2.440730850844649e-18
553598661863563264,2.4007684758583514e-18
552814935688740867,2.3742439752339843e-18
553219824059310080,2.2980634407127483e-18
553587863921917953,2.2616840585866824e-18
553550000584540160,2.2318597463167338e-18
552818667293904898,2.219933309375151e-18
553535185695043584,2.2136460723249762e-18
553585472145211392,2.1904701897308446e-18
552810800164139008,2.1797542400240944e-18
553551562732470272,2.160021105558577e-18
553578353349758976,2.1529845129948e-18
553549946725875712,2.102437501053464e-18
553550346195574784,2.102437501053464e-18
553550767034875904,2.102437501053464e-18
553555102423089152,2.102437501053464e-18
553555141731700737,2.102437501053464e-18
553574899302670337,2.102437501053464e-18
553531601838432257,2.098182536786772e-18
553531861885259776,2.098182536786772e-18
553532010447527936,2.098182536786772e-18
553532431517876225,2.098182536786772e-18
553532938508587008,2.098182536786772e-18
553533391216582656,2.098182536786772e-18
553534531522011136,2.098182536786772e-18
553535680979427328,2.098182536786772e-18
553538891228385280,2.098182536786772e-18
553542100143591426,2.098182536786772e-18
554247300738854912,2.098182536786772e-18
552817356779433984,2.0907108713789604e-18
552809081233080320,2.064518053721634e-18
553577951661273088,2.048501812933636e-18
552835278625177600,1.977593095180335e-18
552845561896771585,1.9447910977155498e-18
552860931026604032,1.9447910977155498e-18
553476849196879873,1.9402063421158594e-18
553478083672424448,1.9402063421158594e-18
553479876632936448,1.9402063421158594e-18
553480808947015680,1.9402063421158594e-18
552841806245679104,1.9333292510597332e-18
552819494372921346,1.9059243961760722e-18
552844369649098754,1.905774149288071e-18
553579370468474880,1.899131312765311e-18
553599279097733120,1.8783886344156885e-18
552798917541511169,1.8577153481754433e-18
552808387415900160,1.755492232237555e-18
552819213165801472,1.6967351397181205e-18
552805439474515968,1.6924821323565094e-18
552816964436230144,1.6924821323565094e-18
553567740104286209,1.6689748225979945e-18
552811152456318976,1.6562434221145328e-18
553217937117831168,1.6510799671306004e-18
553232132269953024,1.6510799671306004e-18
552808637719408641,1.6283807552937026e-18
552827902065385476,1.6268266276790579e-18
552817984524152832,1.5799590135745718e-18
553507613900820481,1.5469902328562623e-18
553221961740857344,1.5309317985905394e-18
553512735192141826,1.5230672942214001e-18
553009507186393088,1.4988475910151674e-18
553558982476828674,1.4980459170821856e-18
553591222456291328,1.4606825601160627e-18
553507495604678658,1.444305690613695e-18
553540761632120832,1.4246941508311138e-18
553541660408545280,1.4202723029392618e-18
552806259767123968,1.41059405854624e-18
553587243085209602,1.4029453635536212e-18
553587585126117376,1.3637374857876604e-18
553587865351753730,1.3637374857876604e-18
552816726144864258,1.3290860007323563e-18
552792544132997121,1.3206251574978064e-18
552837389870448640,1.3016959863984254e-18
552816942193467396,1.2993543908674253e-18
553008182050947072,1.2764637020358987e-18
553011245737992193,1.2672205425198068e-18
553507133464248320,1.2392978371211584e-18
553507208382930944,1.2392978371211584e-18
553507222324801536,1.2392978371211584e-18
553507283108655104,1.2392978371211584e-18
553507344932294657,1.2392978371211584e-18
553507375211364352,1.2392978371211584e-18
553507538860126211,1.2392978371211584e-18
553507679621378049,1.2392978371211584e-18
553507700546367488,1.2392978371211584e-18
553507937121878016,1.2392978371211584e-18
553508411178885121,1.2392978371211584e-18
553508438224142336,1.2392978371211584e-18
553508576422285312,1.2392978371211584e-18
553508636505673729,1.2392978371211584e-18
553509397063041024,1.2392978371211584e-18
553573926786580480,1.2191878823475781e-18
552816281737363458,1.201731267867179e-18
552832247737622528,1.1953970873138507e-18
552813608694857730,1.184943781016708e-18
553547724860456961,1.174163485239723e-18
553757432455770112,1.1723963610298603e-18
553508241981046784,1.1588856871700578e-18
552806489363337217,1.15470581090352e-18
552808594228670465,1.15470581090352e-18
552812425758912512,1.1491510292080074e-18
552840282094727168,1.1409164951340144e-18
552806438629048320,1.1210252099583833e-18
552900577697751041,1.1011554660741065e-18
552827345435103234,1.0723049104264881e-18
553258349870206978,1.0646434807294813e-18
552838782710321152,1.0634938660394013e-18
552839062483369984,1.0634938660394013e-18
552839829726060544,1.0634938660394013e-18
552840158329200640,1.0634938660394013e-18
552844205199228929,1.0634938660394013e-18
552852233901965313,1.0634938660394013e-18
552805237510385664,1.0354611138036258e-18
553575800122118144,9.866248663394898e-19
553576578933075968,9.866248663394898e-19
553577531517837312,9.866248663394898e-19
553578126320861184,9.866248663394898e-19
553580837477056514,9.866248663394898e-19
553582539034464256,9.866248663394898e-19
553582756257476609,9.866248663394898e-19
553583385005006850,9.866248663394898e-19
552817506964873216,9.817995683267048e-19
553577304178184192,9.81634219636939e-19
553199418032521216,9.71800089485632e-19
553201111159824384,9.71800089485632e-19
553201660953366528,9.71800089485632e-19
553891758271369216,9.71800089485632e-19
552820213129809921,9.70867873231094e-19
553563604117913600,9.49310567946216e-19
553572054511779840,9.327817491084497e-19
552857373015289858,9.288711901374717e-19
553615282435289088,9.23333426915319e-19
553257491203899392,9.035603409036254e-19
553476880339599360,8.98628874114241e-19
552808630022840320,8.839269977604034e-19
553559569163902976,8.738024784270948e-19
552806661149425664,8.727467535381431e-19
552807952315207680,8.695261800844243e-19
553474188259102720,8.468720771638214e-19
553585181517701120,8.2793335481411565e-19
553217526646439936,8.113359327839381e-19
552805269441622017,8.030575599902678e-19
553504747508879360,8.023849311194178e-19
552816583614013440,7.986358350289011e-19
552793899522355200,7.930869164835393e-19
552810175049244672,7.913978878394121e-19
552818473806491650,7.9135648051153515e-19
552816072902979584,7.869596168073707e-19
553023430443167746,7.686669875570058e-19
552819928315617281,7.53585452897097e-19
552900298516484098,7.364578843807198e-19
552805909425307648,7.034715045206078e-19
552806009157464064,7.034715045206078e-19
553548306383912960,6.640344899398202e-19
552829975800578048,6.52330459568738e-19
553481569675911168,6.306572925236992e-19
552821934476754944,6.251329231696733e-19
552822567057510400,6.251329231696733e-19
552822679712313344,6.251329231696733e-19
552823713876303872,6.251329231696733e-19
552824073244246016,6.251329231696733e-19
552833147520692224,6.251329231696733e-19
552836153066684416,6.251329231696733e-19
552836806065262594,6.251329231696733e-19
552840084962443264,6.251329231696733e-19
552840094156349440,6.251329231696733e-19
552824008379736064,6.127726517152518e-19
553210433570881536,6.011149510233262e-19
552817422366154752,6.00588556832352e-19
552827794976022528,6.00588556832352e-19
553552734935601152,5.913092213504636e-19
552848069629575168,5.873016452497897e-19
552808399885185024,5.68307085811188e-19
552812099294863362,5.68307085811188e-19
553542207731662850,5.637734971372266e-19
552819812435369987,5.600636578793422e-19
552795993553764354,5.576094164199624e-19
552815524741001217,5.440904705144471e-19
553008784692756480,5.408946811437445e-19
553549440263675904,5.138073771790164e-19
552810267772334080,5.005837094506617e-19
552814494381256704,4.88102982941957e-19
553121495791464448,4.68842364711727e-19
552826863698317312,4.676334855429972e-19
552839226317094912,4.610283954362673e-19
552813227793321984,4.253855487558509e-19
553559484191092737,4.1967304157172397e-19
553556666969763841,4.0203316368354344e-19
553213552337891328,4.004781917413636e-19
552812691509616642,3.9849603439563895e-19
553615451549605888,3.910215912528036e-19
553467311261503488,3.8846600860703324e-19
552813949427544064,3.848204522532604e-19
552814686149017600,3.8143461705229797e-19
552811444119797761,3.768974171117098e-19
552812407064899585,3.7524147562908324e-19
553535952459952129,3.7394590242229293e-19
553536361786277888,3.7394590242229293e-19
553536495433580545,3.7394590242229293e-19
553541692243316737,3.7394590242229293e-19
553551642369753088,3.7394590242229293e-19
552844861322592256,3.6939071001243076e-19
552812435321536512,3.59324515810915e-19
553542076999409664,3.585029228463695e-19
553555326125895680,3.3869132786469073e-19
552834187426689024,3.276516186550492e-19
552817849845436416,3.185607645599098e-19
552817939196678144,3.185607645599098e-19
552830099046035456,3.185607645599098e-19
552831971370344449,3.185607645599098e-19
552819482435932160,3.159235971339675e-19
553225926436089856,3.1298627825698387e-19
552816386154590208,2.928504267570038e-19
552851362808360960,2.8649050118046423e-19
552815313394229253,2.8161772532519433e-19
552822741250736128,2.8161772532519433e-19
552808639283486722,2.6893762325207225e-19
552785851655393281,2.619964929287407e-19
552785877748158464,2.619964929287407e-19
552788073340489728,2.619964929287407e-19
552811728447078400,2.619630443770699e-19
553543653424386049,2.4173161803793187e-19
553543671308886016,2.4173161803793187e-19
553544356700094464,2.4173161803793187e-19
553544770430464000,2.4173161803793187e-19
553545251651342337,2.4173161803793187e-19
553468547184467969,2.350726770845089e-19
553481000379248640,2.350726770845089e-19
552812255805325313,2.348016153145258e-19
552802770873761793,2.3217616718014624e-19
552814267020636160,2.248151153911529e-19
553010804069781505,2.171318570813718e-19
552984502063337472,2.029919205904823e-19
552983715224113152,2.011195864769042e-19
552990796702814208,2.011195864769042e-19
552992417969082369,2.011195864769042e-19
552997008483811328,2.011195864769042e-19
552820677338595328,1.935217950177548e-19
553562623200210944,1.9159710489282917e-19
553552036915335169,1.6803563479560511e-19
552798994456674304,1.652332158189341e-19
553615750175686656,1.5052970269575461e-19
553475360936165376,1.496441818610078e-19
553476443314061312,1.496441818610078e-19
553478423411441664,1.496441818610078e-19
553479692133470209,1.496441818610078e-19
553482152743288833,1.496441818610078e-19
553488128364007424,1.496441818610078e-19
553494933437689856,1.496441818610078e-19
553498708395175936,1.496441818610078e-19
553506819294121985,1.496441818610078e-19
553508132459393024,1.496441818610078e-19
553509614952914944,1.496441818610078e-19
553536816238710784,1.496441818610078e-19
553226523650437120,1.4186375049458887e-19
553552100417110017,1.330721575955611e-19
552816766414381057,1.2041692931614332e-19
552785374507175936,1.0318740397664331e-19
552789345628069888,1.0318740397664331e-19
553221600955621376,9.995445678643441e-20
553553099470946304,6.69018257367584e-20
553595330009518080,5.844721208437596e-20
552815133299187712,3.076776088139876e-20
553550408346779648,8.326363745157571e-21
552979232515948546,5.777385106314938e-21
552979530923925504,5.777385106314938e-21
552814516262555648,5.058400907307661e-21
552789153403109376,0.0
552790281276628992,0.0
552792862610694144,0.0
552943855021330432,0.0
552820020904861696,0.0
552820369216647169,0.0
552821964448862208,0.0
552822896934916096,0.0
552823413639610368,0.0
552823602332975106,0.0
552823786370629632,0.0
552824157633646594,0.0
552824458352680961,0.0
552824703144837121,0.0
552825451563864065,0.0
552843131977498624,0.0
552844115738517504,0.0
552844388250816512,0.0
552844898647277568,0.0
552845366630961153,0.0
552899463409594368,0.0
552899871553105921,0.0
552812681091354624,0.0
552822711945535488,0.0
552847695929688064,0.0
553475874155413504,0.0
553479115937181696,0.0
553517016129499136,0.0
553502308739600385,0.0
553504464641200128,0.0
553509881140228096,0.0
553510940969562113,0.0
553507511534239744,0.0
553560075504476160,0.0
553917277549395969,0.0
553532083264827393,0.0
553544839049261056,0.0
553544976249143296,0.0
553545137725657088,0.0
553545602165129218,0.0
553549163674476544,0.0
553579053219708929,0.0
553583640177684480,0.0
553587304728506368,0.0
553634193909882880,0.0
553634446427975681,0.0
553636135285448704,0.0
552786226546495488,-4.951576007133365e-21
553597910504714240,-5.0582607037958766e-21
552844745647460352,-1.1461846655816525e-20
553559389102026752,-2.5749378681825012e-20
553504019742990336,-3.064637903880682e-20
553553754424115200,-3.188423447896206e-20
552989544589430784,-5.3229652008735517e-20
552998100764491776,-5.3229652008735517e-20
553091815218237440,-5.3229652008735517e-20
553228413922967552,-5.471287664978835e-20
553262052899164161,-5.471287664978835e-20
552793142693744640,-5.751893532754957e-20
552793785747660801,-5.751893532754957e-20
552793901866971136,-5.751893532754957e-20
552795463850930176,-5.751893532754957e-20
553477770622533632,-6.437361840908858e-20
553478941798051841,-6.437361840908858e-20
555631356286234624,-6.437361840908858e-20
553541311484014592,-9.134532626986036e-20
552815897425891328,-9.538077592997121e-20
553224135334051840,-9.732795267818537e-20
552816383185010688,-9.762312300024624e-20
552845552770351105,-9.85469482785841e-20
552842578539073537,-1.0146876621791327e-19
552785375161499649,-1.0752736291901821e-19
552978184413921281,-1.1591568873517677e-19
552814555764506624,-1.21324439774423e-19
552792742842363905,-1.2859767783747755e-19
552794125167493120,-1.2859767783747755e-19
552800910670569472,-1.2859767783747755e-19
553552954297692160,-1.3456345684496642e-19
553109367042887680,-1.3848937521448394e-19
553110037116502016,-1.3848937521448394e-19
553111518230106112,-1.3848937521448394e-19
553115272031113216,-1.3848937521448394e-19
553116396469510144,-1.3848937521448394e-19
553132986087268352,-1.3848937521448394e-19
552808923707617282,-1.408070645476094e-19
553555066754695168,-1.545267237586739e-19
552833471958499329,-1.5749943762667606e-19
552848557766873090,-1.6058010190064037e-19
552819015282737153,-1.647656738621729e-19
553213078889062401,-1.6682516496045947e-19
553213257943879681,-1.6682516496045947e-19
553213579672178689,-1.6682516496045947e-19
553214220364685313,-1.6682516496045947e-19
553214228488667136,-1.6682516496045947e-19
552816020403269632,-1.7548488184157718e-19
553107921081749504,-1.7976212872826642e-19
553560292635189248,-1.8138351316012775e-19
552815468252127232,-1.8184648136803932e-19
553214496567590914,-1.876457936962064e-19
553596198956056576,-1.927402850320097e-19
553593746865258497,-1.963392752766196e-19
553199414659907584,-2.1323331679238595e-19
553589051044151296,-2.1482601610005469e-19
553594432743018496,-2.3829669283333286e-19
552839935280300032,-2.508029215907748e-19
552819966006001664,-2.508499644437956e-19
552818958533816321,-2.6331799225239907e-19
553555725084270593,-3.129233342029157e-19
552808156468768769,-3.233768055947316e-19
553009820409024512,-3.318683507331451e-19
553565149790224387,-3.4096181411039364e-19
552982992248123393,-3.5364017826623636e-19
552988724288827395,-3.5364017826623636e-19
553199352060325888,-3.5364017826623636e-19
553023915963191296,-3.6496631739799664e-19
552795124288073729,-3.672486261571593e-19
552814354588909569,-3.8541514884994237e-19
553008434627362816,-3.8889857665624403e-19
552819783675432960,-3.9153313953369146e-19
552814637696450560,-3.9247493652662638e-19
552837806574170113,-3.949057017168162e-19
552842838845980672,-3.949057017168162e-19
553502599358722048,-4.0980354785262366e-19
553503611104542720,-4.220272099632713e-19
552816063369326592,-4.297573491617311e-19
552851028287422464,-4.739748565582294e-19
553549691129192448,-4.767787379256087e-19
553535295111847936,-4.868299185487632e-19
552800063756709888,-4.973650781242746e-19
553555095317929985,-5.066879815995854e-19
552793675697094657,-5.524944473118973e-19
552813327018385408,-5.542880983686753e-19
552793275770613760,-5.775047629357717e-19
552793775740055552,-5.775047629357717e-19
552794232503951360,-5.775047629357717e-19
553615536354246656,-5.864105846438908e-19
552817834628501505,-6.053189177011821e-19
553502186999529473,-6.078604290772207e-19
552805838323478528,-6.097318562733284e-19
552817607452016640,-6.199277227758551e-19
552817983572017153,-6.199277227758551e-19
552812476019269632,-6.219252887331662e-19
553496235320303616,-6.2220703666887e-19
552796316955574273,-6.3665887019124615e-19
552796379811438593,-6.3665887019124615e-19
552796638436397056,-6.3665887019124615e-19
552796679322492928,-6.3665887019124615e-19
552796766484303872,-6.3665887019124615e-19
552796934134845440,-6.3665887019124615e-19
552797898187210752,-6.3665887019124615e-19
552816676249403393,-6.44588751197326e-19
553554620229115905,-6.599500279008121e-19
552814605115064323,-6.673654077129706e-19
553551156081745920,-6.861849987059999e-19
553567997835882496,-6.861849987059999e-19
553553247953514496,-7.041934254650187e-19
552806614973960192,-7.051970374326308e-19
552806751746396160,-7.051970374326308e-19
552807638233120769,-7.051970374326308e-19
552808046938697729,-7.051970374326308e-19
552808138831708160,-7.051970374326308e-19
552808267572064256,-7.051970374326308e-19
552808549349199872,-7.051970374326308e-19
552808821434089472,-7.051970374326308e-19
552806469217681409,-7.094863654795734e-19
552783667052167168,-7.432388705851119e-19
552809852834418688,-7.523065497187668e-19
552810426422267904,-7.582391342611907e-19
553502135204478976,-7.9621010910964855e-19
553481697124052993,-8.029043414615503e-19
553482001651470336,-8.029043414615503e-19
553485100932157440,-8.029043414615503e-19
554212158133633025,-8.029043414615503e-19
553534838880608256,-8.23889360342311e-19
552816957439741952,-8.388079214558395e-19
553503079216451585,-8.465215706398763e-19
553561410920521729,-8.535474214196967e-19
552817735160176641,-8.832457150282542e-19
553531200149925890,-9.05870176368251e-19
552978099357237248,-9.208217485749955e-19
553476490315431937,-9.381139347272445e-19
552808109551263744,-9.639503859230875e-19
552810655657787392,-1.001650819420099e-18
553480929612943361,-1.0441696930945633e-18
553568091980824576,-1.1080373024160839e-18
553548731690520576,-1.1347778500787981e-18
552805699349016577,-1.1402269040639774e-18
552805847777415168,-1.1402269040639774e-18
552806438440292352,-1.1402269040639774e-18
552806943392145408,-1.1402269040639774e-18
552807494545076225,-1.1402269040639774e-18
552807670710038528,-1.1402269040639774e-18
553551840428949504,-1.1811851372067095e-18
553530851091558400,-1.2404002382454585e-18
552808280074878979,-1.2614259116426649e-18
553484589277396992,-1.2760669496160534e-18
552806316855799808,-1.2943636400318654e-18
552818721874378752,-1.295397047346011e-18
552794951487352832,-1.3014981924242208e-18
552798644244860928,-1.3014981924242208e-18
552800628012224512,-1.3014981924242208e-18
553484321848573952,-1.337375955801209e-18
552793679082311680,-1.3506900936558856e-18
553481203886460928,-1.3585405954957809e-18
553549946738446336,-1.3726126195259658e-18
553478152983699456,-1.4017495742102975e-18
552817687257415681,-1.4133678001913528e-18
552807393453547522,-1.468212612980861e-18
552809757225287681,-1.5105456839799575e-18
553213293964562434,-1.5267906374409162e-18
552806494283251712,-1.5938065336094574e-18
552798473389867009,-1.5969480092220255e-18
552834504520630274,-1.621423688525919e-18
552803445711708160,-1.6250873979743318e-18
552804023389392896,-1.6250873979743318e-18
552804298870910977,-1.6250873979743318e-18
552804602702475265,-1.6250873979743318e-18
552846396106502144,-1.6250873979743318e-18
553496771700477952,-1.6316314100642106e-18
552807316031287296,-1.6945150024326528e-18
553552662088937472,-1.6988027642585114e-18
553574442014875648,-1.747438246601677e-18
553574968563625985,-1.747438246601677e-18
553575543757471744,-1.747438246601677e-18
553577555966836737,-1.747438246601677e-18
553581318630821888,-1.747438246601677e-18
553584470264410113,-1.747438246601677e-18
553483798810087424,-1.8254715408275028e-18
552805987053490179,-1.8925334537827438e-18
552818327521734657,-1.9146618473619557e-18
553548567420628992,-1.925379787409988e-18
552815787484778497,-1.9842439659917564e-18
552806033585090560,-2.2081829895867003e-18
553471272353402880,-2.217609624517076e-18
553471490734039040,-2.217609624517076e-18
553472346838007810,-2.217609624517076e-18
553473556345290752,-2.217609624517076e-18
553474160530587648,-2.217609624517076e-18
553484447207923712,-2.217609624517076e-18
553587250232311810,-2.253307314366211e-18
553587367983194113,-2.253307314366211e-18
553587662658207745,-2.253307314366211e-18
553588165408473088,-2.253307314366211e-18
553589974369845248,-2.253307314366211e-18
553590837666656257,-2.253307314366211e-18
553594257593106432,-2.253307314366211e-18
553680292381483008,-2.253307314366211e-18
553703181440786435,-2.258117840176283e-18
552925665293778945,-2.423947904788775e-18
552793021256056833,-2.513816066565876e-18
553589683402579968,-2.6532698251707738e-18
552806767625641984,-2.687525799438666e-18
552996575396765696,-2.6948945909595556e-18
552997646076739585,-2.6948945909595556e-18
553004470440058881,-2.6948945909595556e-18
553042679412436992,-2.6948945909595556e-18
552801740652036096,-2.831087604481746e-18
552794765331144705,-2.8500081133917588e-18
553591055783051264,-2.856766921821408e-18
553496857683701760,-2.872031648309669e-18
552826438798172160,-2.9195791259068837e-18
553484905125281792,-2.9690073658654196e-18
553535353790152705,-3.1365750460222837e-18
553535415073132544,-3.1365750460222837e-18
553535417555759106,-3.1365750460222837e-18
553535440821575682,-3.1365750460222837e-18
553535581586993152,-3.1365750460222837e-18
553536257670672384,-3.1365750460222837e-18
553539103879200769,-3.1365750460222837e-18
552792030225920000,-3.1497519876443974e-18
552792351413133312,-3.1497519876443974e-18
552792826216329217,-3.1497519876443974e-18
552793048510648320,-3.1497519876443974e-18
552794374950887425,-3.1497519876443974e-18
552795016725532672,-3.1497519876443974e-18
552795831599120384,-3.1497519876443974e-18
552795888134144001,-3.1497519876443974e-18
552795898196291584,-3.1497519876443974e-18
552796077561094144,-3.1497519876443974e-18
552796307627470848,-3.1497519876443974e-18
552797785427558401,-3.1497519876443974e-18
552808830598262785,-3.1497519876443974e-18
552810884314443776,-3.1497519876443974e-18
552807298192510977,-3.2069342242445632e-18
552807311191048193,-3.2069342242445632e-18
552808047643729920,-3.2069342242445632e-18
552808137737383936,-3.2069342242445632e-18
552812110678196224,-3.2069342242445632e-18
552812322075729920,-3.2069342242445632e-18
552819464711184384,-3.2069342242445632e-18
552823438457311232,-3.2069342242445632e-18
552825292184514561,-3.2069342242445632e-18
552905510039465985,-3.2069342242445632e-18
552818611015131136,-3.25483712699118e-18
552832817089236992,-3.3726904910834626e-18
552822387448631296,-3.683859216914774e-18
552791675379400705,-3.764436290184814e-18
553198239399157761,-3.831755024429457e-18
553199058849103872,-3.831755024429457e-18
553199853820723201,-3.831755024429457e-18
553201889685553153,-3.831755024429457e-18
553203171674181634,-3.831755024429457e-18
553203187533230080,-3.831755024429457e-18
553203804628598784,-3.831755024429457e-18
553203833921613824,-3.831755024429457e-18
553204674766331904,-3.831755024429457e-18
553205437043326976,-3.831755024429457e-18
553211195881426944,-3.831755024429457e-18
553212936995762176,-3.831755024429457e-18
553198499891007488,-3.84555554882748e-18
553551001077424128,-3.973275476089058e-18
553552287889494017,-3.973275476089058e-18
553552395704082432,-3.973275476089058e-18
553552625724301314,-3.973275476089058e-18
553553255255781376,-3.973275476089058e-18
553554289835376643,-3.973275476089058e-18
553559527216656385,-3.973275476089058e-18
553550998497918976,-3.982314754003311e-18
553551171802382336,-3.982314754003311e-18
552810796884189184,-4.07414220069952e-18
553203935088214017,-4.108034300057591e-18
553552452054556672,-4.195413492090906e-18
553005429492445184,-4.260653318558229e-18
553514398871216128,-4.367403616575961e-18
553549149787140096,-4.47334926787089e-18
553559162018611201,-4.485861083398362e-18
553548084656214016,-4.914583252916113e-18
553548128138584065,-4.914583252916113e-18
553550815940837376,-4.914583252916113e-18
553551580801536000,-4.914583252916113e-18
553550482925715458,-4.994238677991267e-18
553593105233248257,-5.074799554698087e-18
552817149673082882,-5.158211065393806e-18
553596969978179584,-5.30088539003634e-18
553202633377599488,-5.388594445267677e-18
553595514739253248,-5.524451666975107e-18
553589181436284930,-5.659287134612317e-18
553589370721013760,-5.659287134612317e-18
553589785202544640,-5.659287134612317e-18
553589976416260096,-5.659287134612317e-18
553590068271529985,-5.659287134612317e-18
553591087793967104,-5.659287134612317e-18
553596772401299456,-5.659287134612317e-18
553602592828563456,-5.659287134612317e-18
553592819622092800,-5.784296415039899e-18
553548166629691392,-6.049361102994911e-18
552792802309181440,-7.67494944428834e-18
553160945657462785,-8.134863622316444e-18
553161275904376832,-8.134863622316444e-18
553167760579379201,-8.134863622316444e-18
553169488104140801,-8.134863622316444e-18
553170260791427072,-8.134863622316444e-18
553175352366100482,-8.134863622316444e-18
553179653238964225,-8.134863622316444e-18
553183053523476480,-8.134863622316444e-18
553183997090889730,-8.134863622316444e-18
553227312976908289,-8.134863622316444e-18
553237817086967809,-8.134863622316444e-18
553522189337890816,-8.249512773164254e-18
553566115969105920,-8.2773125364714e-18
553566214174556160,-8.2773125364714e-18
553566385105027072,-8.2773125364714e-18
553566995984437248,-8.2773125364714e-18
553567072114839553,-8.2773125364714e-18
553567980354031616,-8.2773125364714e-18
553568642965979136,-8.2773125364714e-18
553570156438638592,-8.2773125364714e-18
553504117230800896,-8.693034669772345e-18
553200322231808001,-8.821560743533936e-18
553197339813220352,-9.232334595789666e-18
553566368952377344,-9.385349838887485e-18
552848723001475073,-9.550763026436479e-18
552848736897216513,-9.550763026436479e-18
552848904426098689,-9.550763026436479e-18
552849973470314496,-9.550763026436479e-18
552850359266197504,-9.550763026436479e-18
552850999443202049,-9.550763026436479e-18
552851266754596865,-9.550763026436479e-18
552852018864218112,-9.550763026436479e-18
552853646744899584,-9.550763026436479e-18
552857418062127104,-9.550763026436479e-18
552858826043424768,-9.550763026436479e-18
552870347541053441,-9.550763026436479e-18
552874999522934784,-9.550763026436479e-18
552850544797446144,-9.653818629056675e-18
553531413459660800,-9.897889326521813e-18
553512763906334722,-1.0451113146813793e-17
553526618720075776,-1.0451113146813793e-17
553508114436476929,-1.0490924309305042e-17
553197749240221699,-1.052834293737552e-17
553498348674875393,-1.0635702277601391e-17
553587678726594560,-1.0964505565707556e-17
553587686762479617,-1.0964505565707556e-17
553587829977399296,-1.0964505565707556e-17
553587860620996608,-1.0964505565707556e-17
553588210769883136,-1.0964505565707556e-17
553588231238090752,-1.0964505565707556e-17
553588250087268352,-1.0964505565707556e-17
553588252372779008,-1.0964505565707556e-17
553588519848132609,-1.0964505565707556e-17
553588708826304514,-1.0964505565707556e-17
553589221328715776,-1.0964505565707556e-17
553589500572491776,-1.0964505565707556e-17
553589677433712640,-1.0964505565707556e-17
553588413195382784,-1.1029057571772948e-17
553503409807327232,-1.1077938655493112e-17
553503544280875008,-1.1077938655493112e-17
553503810073952257,-1.1077938655493112e-17
553503820425093120,-1.1077938655493112e-17
553504209635536896,-1.1077938655493112e-17
553504306998300672,-1.1077938655493112e-17
553504854794969088,-1.1077938655493112e-17
553504861321703424,-1.1077938655493112e-17
553505371260588032,-1.1077938655493112e-17
553505793249923072,-1.1077938655493112e-17
553505863827079168,-1.1077938655493112e-17
553506057432342528,-1.1077938655493112e-17
553506283958333440,-1.1077938655493112e-17
553507708574244864,-1.1077938655493112e-17
553507716329529344,-1.1077938655493112e-17
553587370822750210,-1.1124571110699575e-17
553588700408717312,-1.1481983670252662e-17
553501357156876290,-1.1592838236361522e-17
553503712157904898,-1.1754724916724054e-17
553544694765215745,-1.1841982433752258e-17
553587586703171584,-1.1853222515379617e-17
553510071494529024,-1.1990799878005611e-17
553504493803819008,-1.2042374720673248e-17
553543369604210689,-1.2142373998604053e-17
553504624830066688,-1.2583169211988039e-17
553535276245864448,-1.289697019405625e-17
553523299045875715,-1.3055163015209613e-17
553198944998543360,-1.3172281728681769e-17
553506824109191168,-1.3304439076669985e-17
553549483984711681,-1.3796991159799618e-17
553199295588212736,-1.397422196713825e-17
553165132474634240,-1.480830653809718e-17
553165237680353280,-1.480830653809718e-17
553165585115516928,-1.480830653809718e-17
553165669043548160,-1.480830653809718e-17
553165727231139840,-1.480830653809718e-17
553166958397771776,-1.480830653809718e-17
553166961514127360,-1.480830653809718e-17
553167053742694400,-1.480830653809718e-17
553170739592179713,-1.480830653809718e-17
553187846035873793,-1.480830653809718e-17
553188194339258368,-1.480830653809718e-17
553188299758911488,-1.480830653809718e-17
553189559149035520,-1.480830653809718e-17
553301531340972032,-1.480830653809718e-17
553549686129561600,-1.729804810242253e-17
553538279073935360,-1.895884694171495e-17
553538295855349761,-1.895884694171495e-17
553538493738405888,-1.895884694171495e-17
553538596938846208,-1.895884694171495e-17
553538823989493760,-1.895884694171495e-17
553538912065712129,-1.895884694171495e-17
553538987554385920,-1.895884694171495e-17
553539141443788800,-1.895884694171495e-17
553539293076279296,-1.895884694171495e-17
553539507786903552,-1.895884694171495e-17
553539728067551232,-1.895884694171495e-17
553539762624012288,-1.895884694171495e-17
553540050676219904,-1.895884694171495e-17
553541495588802560,-1.895884694171495e-17
553541618993618945,-1.895884694171495e-17
553541672471396352,-1.895884694171495e-17
553576108466380802,-1.92929439872713e-17
553576199268876288,-1.92929439872713e-17
553576559085240320,-1.92929439872713e-17
553576829345628160,-1.92929439872713e-17
553577189837258752,-1.92929439872713e-17
553577721939251201,-1.92929439872713e-17
553577770983645186,-1.92929439872713e-17
553577813056716800,-1.92929439872713e-17
553577850461519872,-1.92929439872713e-17
553578217387614208,-1.92929439872713e-17
553579107620237312,-1.92929439872713e-17
552810448324943872,-2.103356140064234e-17
553577135777255424,-2.1214052948062287e-17
553539730449924096,-2.177630052770106e-17
553505242554175489,-2.555176969248096e-17
553544568130768897,-2.5952580335400144e-17
553544735131201536,-2.5952580335400144e-17
553544746430652416,-2.5952580335400144e-17
553545099905601536,-2.5952580335400144e-17
553545546947104768,-2.5952580335400144e-17
553545985624784896,-2.5952580335400144e-17
553546195772407808,-2.5952580335400144e-17
553549302187192320,-2.5952580335400144e-17
553550518531141632,-2.5952580335400144e-17
553550704888279041,-2.5952580335400144e-17
553555098157060097,-2.5952580335400144e-17
553557332261490688,-2.5952580335400144e-17
553560398365212672,-2.5952580335400144e-17
554305263046754305,-2.5952580335400144e-17
553544252563935234,-3.053759232499797e-17
552791196247269378,-3.72691490691712e-17
553587713535123456,-6.591322929795806e-17
553587842623234048,-6.591322929795806e-17
553587861636009984,-6.591322929795806e-17
553587884263874561,-6.591322929795806e-17
553587974680875008,-6.591322929795806e-17
553587990237171712,-6.591322929795806e-17
553588033313046528,-6.591322929795806e-17
553588198577025026,-6.591322929795806e-17
553588238867517441,-6.591322929795806e-17
553588931707822080,-6.591322929795806e-17
553589201347035136,-6.591322929795806e-17
553589304245493761,-6.591322929795806e-17
553589615379374080,-6.591322929795806e-17
553589786775412737,-6.591322929795806e-17
553589804492148736,-6.591322929795806e-17
553590107807428608,-6.591322929795806e-17
553462142481870849,-6.66443702574741e-17
553462405800288256,-6.66443702574741e-17
553462823498416128,-6.66443702574741e-17
553463231386497024,-6.66443702574741e-17
553463489209978880,-6.66443702574741e-17
553464272043638785,-6.66443702574741e-17
553464786277916673,-6.66443702574741e-17
553464877118132224,-6.66443702574741e-17
553467937575952384,-6.66443702574741e-17
553469592488931328,-6.66443702574741e-17
553471188530249730,-6.66443702574741e-17
553496340580556800,-6.66443702574741e-17
553503688946225152,-6.66443702574741e-17
553535342049902592,-6.66443702574741e-17
554282491549196289,-6.66443702574741e-17
554412391279374336,-6.66443702574741e-17
553588141576454144,-6.985148355548707e-17
553462961365581824,-7.101177387405006e-17
553588178687655936,-7.28123455958995e-17
553592680866152449,-7.39441596370271e-17
553550301886955520,-7.985193965973743e-17
553587672137334785,-8.861298417739895e-17
553461741917863936,-1.283756332812738e-16
553506608203169792,-1.59698771569534e-16
553184482241814530,-1.613867468114822e-16
553586932727693312,-1.6350849526328937e-16
553586964805713920,-1.6350849526328937e-16
553586988419649536,-1.6350849526328937e-16
553587000578932737,-1.6350849526328937e-16
553587034762534913,-1.6350849526328937e-16
553587039598571523,-1.6350849526328937e-16
553587040886206466,-1.6350849526328937e-16
553587067712995328,-1.6350849526328937e-16
553587132045213696,-1.6350849526328937e-16
553587150428856320,-1.6350849526328937e-16
553587188500529152,-1.6350849526328937e-16
553587214987558912,-1.6350849526328937e-16
553587298215133185,-1.6350849526328937e-16
553587361398132736,-1.6350849526328937e-16
553587398169591809,-1.6350849526328937e-16
553587407980077057,-1.6350849526328937e-16
553587445921759232,-1.6350849526328937e-16
553587467409162240,-1.6350849526328937e-16
553587620006346752,-1.6350849526328937e-16
553503184174710784,-2.0821993117284154e-16
553184702530453505,-2.2936368035166194e-16
553184777315287040,-2.2936368035166194e-16
553184841873633280,-2.2936368035166194e-16
553184912258654208,-2.2936368035166194e-16
553185239791857664,-2.2936368035166194e-16
553185273639895040,-2.2936368035166194e-16
553185403650322432,-2.2936368035166194e-16
553185449150541824,-2.2936368035166194e-16
553186074311528448,-2.2936368035166194e-16
553187655434108928,-2.2936368035166194e-16
553187813668425728,-2.2936368035166194e-16
553188436178264066,-2.2936368035166194e-16
553192939888058369,-2.2936368035166194e-16
553195335661912064,-2.2936368035166194e-16
553195879692517376,-2.2936368035166194e-16
553196247319064576,-2.2936368035166194e-16
553187777689694208,-2.4268120488490126e-16
553189048052105216,-2.4304766216564954e-16
553188394113986561,-2.5556715550521724e-16
553590459688570880,-4.698151704406048e-16
553589243583672320,-0.00023143214900835706
553587741720854528,-0.0036629590156100314
553588069610569729,-0.0038813309427138264
553588091433537536,-0.0038820304787127034
553587810859757569,-0.004088631064518257
553587912949121024,-0.004101728648322617
553587794686513153,-0.004997540978386037
553587882741747713,-0.004997540978386037
553588653562150912,-0.004997540978386037
553588737750605825,-0.004997540978386037
553588971864084481,-0.004997540978386037
553647665695956992,-0.004997540978386037
553587013409325058,-0.06858247860844244