553587387889373186,1.5649903542019723
553587383397253120,1.215665920535481
553587435511484416,1.215446859382125
553587377835614209,1.147063236111407
553587103922020352,1.088905298940988
553587609759666177,1.088905298940988
553587160088338432,1.0889052989409875
553587395942420480,1.0889052989409875
553587589417304065,1.0889052989409875
553587134838620160,1.088905298940987
553587135274815488,1.088905298940987
553587193772793856,1.088905298940987
553587599856906241,1.088905298940987
553587246516174849,1.0889052989409869
553587422445846529,1.0889052989409869
553587551131283458,1.0889052989409869
553587582962253824,1.0889052989409869
553587285074386944,1.0889052989409864
553587586241794050,1.088905298940986
553588640052674560,0.06879893887060853
553588214859325440,0.06491646440758149
553589959937257472,0.00367452005984326
553587672137334785,8.991628143374569e-15
553586860334010368,6.4653008615295116e-15
552791578893619200,5.935538708583474e-15
553184482241814530,5.371890836115081e-15
553551554251599873,5.338851987301769e-15
553551887270547459,5.323768194958362e-15
553550944949272576,5.23557948653269e-15
553550971167834113,5.223879323862776e-15
553551000293085186,5.181946599389393e-15
553255878628237313,5.1266719135384425e-15
553550508565479425,5.125301710193596e-15
553550697128796161,5.0741461793459946e-15
553550658402414593,5.016207268247736e-15
553550602920558592,4.9936557311841425e-15
553550417272258560,4.967352976678046e-15
553178733059002368,4.937577812944665e-15
553551446164402176,4.936210677159237e-15
553161717803671552,4.935451376338863e-15
553551625621868545,4.933369163338903e-15
553170977061081088,4.90468740469718e-15
553550610675818496,4.903520712179387e-15
553171643091398656,4.84199361943736e-15
553171130757173249,4.813826441597689e-15
553551949745119233,4.785723299617744e-15
553211957302816768,4.781145779080863e-15
553551676700098561,4.7757267022887906e-15
553153997226663936,4.773890901127041e-15
553179390176419842,4.76509916349004e-15
553550497852821504,4.7611799957739686e-15
553171006244663297,4.700911345803006e-15
553196346375954433,4.698824168113256e-15
553154805905235968,4.695429720709992e-15
553195530273456128,4.65491117889013e-15
553170581282377729,4.641302369535275e-15
553220108219609088,4.629393281584898e-15
553550843321286656,4.604573105238877e-15
553226339743186944,4.601342397122405e-15
553174304016584704,4.571975224695285e-15
553171137782620160,4.4368817836788e-15
553550450788548608,4.434415709799486e-15
553518472798683136,4.279824953263767e-15
553197863971610624,3.788815373734983e-15
553538058440941568,2.5964221047287854e-15
553587303172833280,2.2944439656593725e-15
553566026030272512,1.5741891909201467e-15
553187777689694208,1.4178539424273112e-15
553590835850514433,1.2921276717746909e-15
553185239791857664,1.2316044094258062e-15
553185273639895040,1.2216845490971348e-15
553192939888058369,1.2149149146836498e-15
553187813668425728,1.2115636105185524e-15
553188394113986561,1.2010183128938402e-15
553185403650322432,1.1986946025246002e-15
553189048052105216,1.1975452985915486e-15
553184912258654208,1.1698287026492696e-15
553185449150541824,1.109706305927509e-15
553195335661912064,1.0953850661286816e-15
553187655434108928,1.0745846382773397e-15
553548567420628992,1.068616990707238e-15
553188436178264066,1.0462326050406565e-15
553184777315287040,1.0451378456800605e-15
553184841873633280,1.0309730000756045e-15
553196247319064576,1.0249183105506683e-15
553195879692517376,1.0135462184171206e-15
553186074311528448,9.962534889252436e-16
553184702530453505,9.925893963714102e-16
553550301886955520,9.869792144630485e-16
552792955052761088,8.789083791714828e-16
552821069036670976,8.610991432800973e-16
553160652567498752,8.587398979975738e-16
552795629768814592,8.153469395415913e-16
552792656552939523,8.071244960747417e-16
552792212056993792,7.946763809427027e-16
553501357156876290,7.338622792088586e-16
552792048173334528,6.862175898272955e-16
553595514739253248,6.613259643542574e-16
552791830476386306,6.364231551698719e-16
552794111447941121,6.259743084222342e-16
553197749240221699,6.173885256814489e-16
552792980658987009,6.171507377337695e-16
552794023258099713,6.155638592508727e-16
552793325733183488,5.999342818982019e-16
552791567401238529,5.922940073603118e-16
552806259767123968,5.914580136828347e-16
552792564554678272,5.892471515872054e-16
552792055122886656,5.810789804325847e-16
552795069691232258,5.775987981038185e-16
553587686762479617,5.414061951039144e-16
553596969978179584,5.354650813780636e-16
553199418032521216,5.351811104755193e-16
553589221328715776,5.195936462433144e-16
552791516360765440,5.035075976497705e-16
553579820563849218,5.032317530955413e-16
552792555944153088,5.002914298888783e-16
553201660953366528,4.99777259278692e-16
553587678726594560,4.981274514085794e-16
552814935688740867,4.83846370003277e-16
553588250087268352,4.816534492214406e-16
553539141443788800,4.714801642079643e-16
553588413195382784,4.637964831731386e-16
553587370822750210,4.558393098767444e-16
552792023078825984,4.555539055688988e-16
553587586703171584,4.50676237977409e-16
553589677433712640,4.481564316698506e-16
552824748879925248,4.443012639497737e-16
553201111159824384,4.325902383472335e-16
553588700408717312,4.3243964748963086e-16
553589500572491776,4.3117494190697693e-16
553592819622092800,4.261149262707359e-16
553214496567590914,4.2469833514188234e-16
553588231238090752,4.2320151475842715e-16
553587829977399296,4.1687905062267425e-16
553587860620996608,4.1085603765520997e-16
553548306383912960,4.1053561554036273e-16
553588210769883136,4.103388185299129e-16
553502087661645824,4.091225248794448e-16
553538493738405888,4.05487099047393e-16
553580063586000896,4.036903771904301e-16
552826072237346817,4.010681367700996e-16
553539728067551232,3.9077236466475187e-16
552825507340091392,3.8537747679050947e-16
553539889237884928,3.8063258567234665e-16
553539293076279296,3.77926470323069e-16
553579500139589632,3.7618798074596706e-16
553588708826304514,3.7575280677476835e-16
553550518531141632,3.6778830521835356e-16
553496857683701760,3.5033454787384255e-16
553462961365581824,3.483896133422447e-16
553538912065712129,3.477334379382789e-16
552811444119797761,3.4016060162423525e-16
553588519848132609,3.3928574292142085e-16
553588252372779008,3.374280396588124e-16
553544568130768897,3.3561856876674735e-16
553585472145211392,3.2783464597423005e-16
553197339813220352,3.2646161966616086e-16
553566368952377344,3.2464395739586766e-16
553551580801536000,3.214216098319476e-16
552842838845980672,3.160626929688666e-16
553464786277916673,3.141962222783373e-16
553579817980149761,3.141818840994333e-16
552804298870910977,3.135708041933519e-16
553257491203899392,3.1356182409587373e-16
553540999465926657,3.105023403772808e-16
553541618993618945,3.0892517744293533e-16
552791196247269378,3.0468676377696245e-16
553571844562120704,2.994476385407136e-16
553567740104286209,2.98956503536975e-16
553538823989493760,2.940202060186002e-16
553562157968031744,2.9234601224879615e-16
553210433570881536,2.902053760723379e-16
552837806574170113,2.852159651049785e-16
553538295855349761,2.8358704029854473e-16
552816386154590208,2.8284176153022845e-16
552840094156349440,2.795969686724654e-16
553200322231808001,2.790011064959818e-16
553891758271369216,2.782657418379451e-16
553580540662910976,2.756402243568359e-16
553503331356651521,2.7208665716024777e-16
553116396469510144,2.7179585598135594e-16
553008784692756480,2.7111451152215884e-16
553539762624012288,2.668737098707103e-16
552818958533816321,2.6442394317468936e-16
553555098157060097,2.617895615617815e-16
553502788819632129,2.617400102333792e-16
553586766419329024,2.545339643686998e-16
553582297551998976,2.543002580384259e-16
553580255647399936,2.541070636892512e-16
553217526646439936,2.512105304026854e-16
553599279097733120,2.499809951548124e-16
553559484191092737,2.4913453357802245e-16
553503283986563073,2.4886205444696304e-16
552814516262555648,2.405302347113844e-16
552833463087534080,2.4046633299588335e-16
553580571985580032,2.371253078231044e-16
553524538903109632,2.3702855533799893e-16
553587353437356032,2.283686730072607e-16
553538987554385920,2.2788572428280195e-16
553538279073935360,2.2391306174387324e-16
552785374507175936,2.204115154094712e-16
553552100417110017,2.1815528068041695e-16
552998100764491776,2.1438499596515012e-16
552807385496973312,2.1214648472315954e-16
553548128138584065,2.093325353838559e-16
552816366101614592,2.0918291700387046e-16
553570519052980225,2.091082029356043e-16
553540050676219904,2.0841770789900004e-16
553541495588802560,2.0351110730917206e-16
553009820409024512,2.0308689080667926e-16
553467937575952384,2.0293000675120763e-16
553824308959928320,2.0232482108869283e-16
552824073244246016,2.0178273653035512e-16
553212962044149761,2.0014802175671208e-16
552996335319007233,1.9922389372655555e-16
553545099905601536,1.9764324137053985e-16
552817735160176641,1.9517127483177646e-16
553471188530249730,1.949492168257206e-16
553549483984711681,1.9492935923463005e-16
553498348674875393,1.9466467349651167e-16
553538596938846208,1.9402437611254167e-16
553005429492445184,1.8822832580487743e-16
553559392604684288,1.854384937733913e-16
553576108466380802,1.845300294391211e-16
553503274176110592,1.8045951421230751e-16
552822679712313344,1.803205970706386e-16
552808456894169089,1.790355166699635e-16
553471490734039040,1.773519758314782e-16
552789345628069888,1.767154852198398e-16
553536361786277888,1.7238102097620829e-16
553566115969105920,1.7211700587774595e-16
552793142693744640,1.708241510969659e-16
552877204304977921,1.6958867435614238e-16
553463231386497024,1.6308513675136932e-16
552796638436397056,1.617106854125669e-16
552814605115064323,1.6106656384671935e-16
552870347541053441,1.6019299231455376e-16
553121495791464448,1.598847157474778e-16
553541672471396352,1.5972679907662886e-16
553461741917863936,1.5946402635261985e-16
552833147520692224,1.589441416256863e-16
552815468252127232,1.5705423060091806e-16
552829975800578048,1.5528608333269e-16
553552036915335169,1.5518288422082467e-16
553558982476828674,1.5406530975910462e-16
553548084656214016,1.5403106575623156e-16
552824008379736064,1.5384345700233026e-16
552837389870448640,1.5323707783433686e-16
552827902065385476,1.496843541230352e-16
553514398871216128,1.491268475687399e-16
552814812363620352,1.485177687404983e-16
553470492565602305,1.4849715618255547e-16
552816281737363458,1.467599616628952e-16
552815415949557760,1.4575551673271222e-16
553595330009518080,1.4533656828534107e-16
553587863921917953,1.4502442214432054e-16
553590627343302657,1.4357709524748116e-16
553488128364007424,1.4356543926950264e-16
552808594228670465,1.4235880296074556e-16
553598661863563264,1.4131153609811082e-16
553549946725875712,1.4111911735641487e-16
553496340580556800,1.4063420104529344e-16
553498708395175936,1.4030629701318213e-16
553579540602429440,1.3964844128707412e-16
552812476019269632,1.3911969013039943e-16
553516610275655680,1.3882888581186686e-16
553301531340972032,1.3839237248766708e-16
553511652587360256,1.3828797163654273e-16
553592274991714306,1.3826371563514384e-16
552822567057510400,1.376050762713546e-16
553489581035622401,1.3590080031670074e-16
552827345435103234,1.332776645347764e-16
553596198956056576,1.3246344477729045e-16
553589077086568448,1.314483625211626e-16
553582539034464256,1.3075695689803095e-16
552796934134845440,1.304031364279174e-16
552851028287422464,1.2908741838927803e-16
553010394327834625,1.2815710831860293e-16
553542076999409664,1.2440443991931104e-16
552840084962443264,1.2321519389580073e-16
552833464933052416,1.2225660576206304e-16
552824657028874241,1.2178815077012999e-16
552820677338595328,1.202786590905568e-16
553550815940837376,1.1971102760929228e-16
553576829345628160,1.195766019607516e-16
553188299758911488,1.1758980128984323e-16
553011245737992193,1.1748694409949345e-16
553008434627362816,1.168048358289444e-16
552796766484303872,1.161495300477331e-16
553481000379248640,1.1480925795812848e-16
553170260791427072,1.1403750544736556e-16
552814686149017600,1.1333729833738497e-16
553578217387614208,1.1311021540461735e-16
553115272031113216,1.1231482200294541e-16
552826863698317312,1.1083273809322273e-16
552805237510385664,1.1044412386067012e-16
553462142481870849,1.0943314878234254e-16
553501672035856384,1.0898896554401522e-16
553481697124052993,1.0673903475992974e-16
553472346838007810,1.059927031162998e-16
553502133979713536,1.0545999270055341e-16
553487414409564160,1.0517617446541692e-16
553568091980824576,1.0505324381242702e-16
553221600955621376,1.0466290587561708e-16
552852018864218112,1.044131775812222e-16
553587243085209602,1.0411488683264831e-16
553549302187192320,1.0315014317485051e-16
553584047189159937,1.0273722481105989e-16
553213579672178689,1.0255723508628244e-16
553588570368532480,1.0227930537983202e-16
553577813056716800,1.0214123182913576e-16
553539507786903552,1.0160344567786425e-16
553501723743223808,1.014943980989659e-16
553494933437689856,1.0144037003292178e-16
553501889254678528,1.0142779489481093e-16
552838040503472128,1.0092112099283118e-16
552819494372921346,1.0026202568641089e-16
552794765331144705,9.997093090684671e-17
553175352366100482,9.975801155880128e-17
553570156438638592,9.906632208391431e-17
552812983370268672,9.831766643835689e-17
553476443314061312,9.766642173736057e-17
552807670710038528,9.701133432426872e-17
553508132459393024,9.654208858555344e-17
552795993553764354,9.590358588554432e-17
553224135334051840,9.548481858690894e-17
554282491549196289,9.519578784771383e-17
553576559085240320,9.230121690231653e-17
553615282435289088,9.218298941639897e-17
552842861209993217,9.162331672042982e-17
552836153066684416,9.129780009673801e-17
552816942193467396,9.111474499618117e-17
553509102790668289,9.039332939085176e-17
553464877118132224,8.956948271038197e-17
552788073340489728,8.83845195343702e-17
553509546602553344,8.828208012674002e-17
553166958397771776,8.815775631473244e-17
553479876632936448,8.812751877910386e-17
553504747508879360,8.770367042365572e-17
552841806245679104,8.736943934680737e-17
552978184413921281,8.725571808285867e-17
553487881113989120,8.716529535799055e-17
553167760579379201,8.570553546078123e-17
553577531517837312,8.339713329673919e-17
552815897425891328,8.193806362587259e-17
553587662658207745,8.191901718357036e-17
552814012791279617,8.191244186747307e-17
552816072902979584,8.144132750452619e-17
552848904426098689,8.091752227941343e-17
552874999522934784,8.065757160169442e-17
552850999443202049,8.020094689196287e-17
552990796702814208,7.983085868448571e-17
553482152743288833,7.945902194862527e-17
553503751609143296,7.928537045940339e-17
553534838880608256,7.849864077578291e-17
552823713876303872,7.824524355250619e-17
553509365081456640,7.818068039049388e-17
552798917541511169,7.781158864341001e-17
553502135204478976,7.738908420065453e-17
553560647305560064,7.617731062762575e-17
552836509074591748,7.617615486705211e-17
553544356700094464,7.614576048450841e-17
553589038196981760,7.603897899477612e-17
553502186999529473,7.504499348188629e-17
553467311261503488,7.403727255936506e-17
553553099470946304,7.345128235121131e-17
553580075082203136,7.267744932746893e-17
553551811282751488,7.228469881642732e-17
553588165408473088,7.147025780557894e-17
553227312976908289,7.10220420584906e-17
552809757225287681,7.005468662238631e-17
552848557766873090,6.951822740785432e-17
552849973470314496,6.933330622277987e-17
553560292635189248,6.913223206123747e-17
553502599358722048,6.903252915984569e-17
552834026948415488,6.857055078644735e-17
552808282440859648,6.819159956736153e-17
553585746754682880,6.808121391598046e-17
552793679082311680,6.765381895646126e-17
553225926436089856,6.746159765669206e-17
553531413459660800,6.73087597317178e-17
553504019742990336,6.619553899249648e-17
553555102423089152,6.592599179685928e-17
552851863671169024,6.574276118117376e-17
553484905125281792,6.549410839026844e-17
553585181517701120,6.548829255177059e-17
553166961514127360,6.475084024090067e-17
553473556345290752,6.443602912802581e-17
553165585115516928,6.407265496738455e-17
553508940634673152,6.405894638165749e-17
553567997835882496,6.380668142645042e-17
552835091714416640,6.324300697810686e-17
552806469217681409,6.263802245052287e-17
552812627378724864,6.240320748252516e-17
553506555250106368,6.144063652483877e-17
552819015282737153,6.066532108536562e-17
552845552770351105,6.064844515896637e-17
553462823498416128,6.046920388262013e-17
552811450226733058,6.037802428824419e-17
553237817086967809,5.963106828574781e-17
552857373015289858,5.948042147657712e-17
553109367042887680,5.895721909353823e-17
553487052776693761,5.870036868568049e-17
552839935280300032,5.84666116998355e-17
552811541884858368,5.845729260669656e-17
552834187426689024,5.832516702126982e-17
552840282094727168,5.821866685910356e-17
552810702990475265,5.810135558947037e-17
552793275770613760,5.66528674166024e-17
553531861885259776,5.5033962702847273e-17
553221961740857344,5.4827011647892446e-17
553574899302670337,5.403362181354818e-17
553589976416260096,5.3831884248506466e-17
553199352060325888,5.3672374879295237e-17
553552452054556672,5.346470066560015e-17
553589974369845248,5.324489201580889e-17
552798994456674304,5.279516153488075e-17
552833762174992384,5.268574771102845e-17
552817984524152832,5.267906012055498e-17
552845561896771585,5.2678075589741333e-17
553545656590434304,5.2329038508403045e-17
553556666969763841,5.1821112317469574e-17
553544770430464000,5.152064614538271e-17
553543369604210689,5.1363796671036714e-17
553552734935601152,5.088077429786885e-17
553615750175686656,5.0726321195319555e-17
552794125167493120,5.069218251943195e-17
553573995858382849,4.946840169115552e-17
553539103879200769,4.821539651269989e-17
553574442014875648,4.8074844461042964e-17
553545835548782592,4.726787194192112e-17
553557332261490688,4.7088851301123384e-17
552796379811438593,4.7011811375211305e-17
552876728326971393,4.6923570988460425e-17
553170739592179713,4.6056330988891765e-17
553591087793967104,4.571058891985125e-17
552979232515948546,4.5347650376011904e-17
552850359266197504,4.486568080593694e-17
552813608694857730,4.470848316135769e-17
552806489363337217,4.4529938520492665e-17
552817606194135041,4.4385331350763664e-17
553551642369753088,4.4282295531141195e-17
552817849845436416,4.3981782147358007e-17
552833319747194882,4.366674200538297e-17
553542207731662850,4.325347192351906e-17
552811993145835520,4.2713419203410694e-17
553535342049902592,4.264650540206239e-17
553167053742694400,4.2336402293057313e-17
553463489209978880,4.2164239811618665e-17
553544746430652416,4.206261663982862e-17
552982613288157184,4.179998583421934e-17
553503688946225152,4.1734260545665645e-17
552807494545076225,3.9869479151200003e-17
553689869810409473,3.925586477290459e-17
553536257670672384,3.8835155476437835e-17
553549946738446336,3.8551551367022607e-17
553568642965979136,3.8017237230366225e-17
552840744210161664,3.77093147382392e-17
553577135777255424,3.7656493456243275e-17
552811887684251648,3.702167971575812e-17
553469592488931328,3.685946805378317e-17
553579107620237312,3.661161167280938e-17
552847695929688064,3.622392893777395e-17
553577555966836737,3.5858232776053513e-17
553503365100228609,3.5710732013839787e-17
552815524741001217,3.560223866136742e-17
553535276245864448,3.5507747940072116e-17
553541311484014592,3.455900532393385e-17
553594257593106432,3.4556016493482255e-17
552815313394229253,3.325821213564572e-17
552822741250736128,3.268839144177273e-17
552816020403269632,3.2549714626480896e-17
553542100143591426,3.202714762714326e-17
552857418062127104,3.149844124988175e-17
553541660408545280,3.1397113821446976e-17
552833272724852736,3.0901803332890384e-17
553165727231139840,3.086940347447992e-17
552992417969082369,3.0751969546870503e-17
552811591683821568,3.0588355532766723e-17
552831971370344449,3.037543609773911e-17
553503876394262528,2.905889448041552e-17
552821795628531715,2.880754500984847e-17
553588178687655936,2.7473930288678198e-17
553577770983645186,2.6810857721702166e-17
553589785202544640,2.6517831536704137e-17
553550704888279041,2.5819689878339687e-17
552805269441622017,2.5711934341666935e-17
552812469958111232,2.5633416146779438e-17
553509614952914944,2.5580299521304214e-17
552817149673082882,2.5430446624987112e-17
553489471413714944,2.5299228221728965e-17
552835146844737537,2.4581726129604006e-17
553213552337891328,2.4442924620994403e-17
553820631087988736,2.4364877857338376e-17
553262052899164161,2.4144163503623506e-17
552821934476754944,2.3665387136138727e-17
553555066754695168,2.1384338495955277e-17
553539730449924096,2.113324197329234e-17
553566214174556160,2.0511167174298134e-17
553543671308886016,2.0010053384534267e-17
552792802309181440,1.9460999570968982e-17
553535415073132544,1.846837190707805e-17
553509339701727233,1.845336084270795e-17
552815787484778497,1.7889398084232248e-17
553562623200210944,1.7742541151781306e-17
553590068271529985,1.7377791473131056e-17
553535952459952129,1.7315613192656777e-17
552818300124545025,1.6821956625543052e-17
553693040649334785,1.6320539275952407e-17
553550346195574784,1.626771706531391e-17
553513937246097408,1.5751126009918156e-17
552816383185010688,1.568238959523024e-17
553550482925715458,1.4977201920871504e-17
553503079216451585,1.4246155306424217e-17
552792862610694144,1.3905397363779222e-17
552793021256056833,1.3748312160057723e-17
552850544797446144,1.3660960238152971e-17
552826438798172160,1.2869394534888394e-17
553578126320861184,1.2818032201449199e-17
553551171802382336,1.2485828667016743e-17
552805699349016577,1.1654933027838823e-17
553490522523070464,1.1474956896939115e-17
553480929612943361,1.1214796403513377e-17
552925665293778945,1.108659994578316e-17
553587250232311810,1.0248834111281922e-17
552835076573364224,1.0051387678206781e-17
553550000584540160,9.969372338269385e-18
552811835057909761,9.813556767849935e-18
553545985624784896,9.791693565175726e-18
553199414659907584,9.562530955184311e-18
552803445711708160,9.000966526542799e-18
553486439129038848,8.803579649708261e-18
553543395717550080,8.431318675218036e-18
553514819085946881,7.874122478496588e-18
553538244923883520,7.778325345722465e-18
553535295111847936,7.726509089798138e-18
552816726144864258,7.347780356571197e-18
553615536354246656,7.116128418727056e-18
553508098825261056,6.993680488963569e-18
552810626503176192,6.864664262849468e-18
553576578933075968,6.652278033150149e-18
552822711945535488,6.5587894162321684e-18
552849852338831360,5.896035506668625e-18
552819213165801472,5.889215384701712e-18
553545780905385984,5.30167962665144e-18
553555326125895680,5.20145477819969e-18
552988724288827395,4.7735033006114626e-18
553198944998543360,4.22148471109761e-18
552984502063337472,4.138555259590632e-18
553476880339599360,4.0197266857391564e-18
553577189837258752,3.9421583846700086e-18
553521549395771392,3.882770385510986e-18
553476490315431937,3.696858667066249e-18
553485100932157440,3.3215284033613235e-18
552785375161499649,2.909588971159506e-18
552997646076739585,2.901948065482138e-18
552978099357237248,2.8200420911671317e-18
553478083672424448,2.5158055725735074e-18
552811928188645376,2.3924489747093286e-18
552808630022840320,2.357326867667159e-18
553577951661273088,2.0647606977276096e-18
552805439474515968,1.9986419462110937e-18
553579370468474880,1.990811059288168e-18
553478289474740224,1.8580628610980098e-18
553490860369653761,8.963993668270384e-19
552814494381256704,7.3711255480096605e-19
553703181440786435,6.3551542380821975e-19
553505242554175489,6.059554543486627e-19
553593015416008704,3.5138531311069463e-19
553535829017370625,2.425050003092503e-19
552783667052167168,-0.0
553512735192141826,-4.9057548604030266e-20
553757432455770112,-8.612272853631874e-20
553591222456291328,-1.2278106505889008e-19
553586897168392192,-1.2572491475250099e-19
553575232867672064,-2.969001888040861e-19
552817687257415681,-5.773324556781137e-19
553188194339258368,-1.4481122771409906e-18
553577304178184192,-1.5767413418170183e-18
553578353349758976,-1.7564986822806347e-18
552800063756709888,-1.7685811796637352e-18
552844369649098754,-1.88285613053047e-18
553502205748080640,-1.9519972177527635e-18
552817607452016640,-2.474434203569486e-18
552835278625177600,-2.536613212812467e-18
553554620229115905,-2.82382990535359e-18
553550408346779648,-2.9925662406974665e-18
553591055783051264,-3.2296175647927088e-18
552796679322492928,-3.2785934460392283e-18
553589683402579968,-3.766421525387738e-18
553536816238710784,-3.899179971975894e-18
553161275904376832,-4.116346414651828e-18
552795463850930176,-4.5581809504888395e-18
553572054511779840,-4.6410729283305084e-18
553553375103819776,-4.6547917151195535e-18
553489393202499584,-4.850463889479021e-18
553587585126117376,-4.851359036980037e-18
553481203886460928,-5.129879921342181e-18
554305263046754305,-5.139938496545743e-18
553481569675911168,-5.390459984656388e-18
553474160530587648,-5.806747321411966e-18
552834961762709505,-6.144420770067362e-18
553513916572381185,-6.42769062979803e-18
553566995984437248,-6.554720116801794e-18
553503523539652608,-6.832700221535361e-18
553549440263675904,-6.84698041868785e-18
553516393791238145,-6.988352835327058e-18
553478152983699456,-7.221675061146304e-18
553464272043638785,-7.28081953255412e-18
553596772401299456,-8.462279907227901e-18
553165132474634240,-8.573132735920329e-18
553577990060539904,-9.106030047874615e-18
552793675697094657,-9.179917882212214e-18
552810448324943872,-9.505746551182938e-18
552807055275220996,-9.671367913275163e-18
552805488631758849,-9.769030545787025e-18
552807316031287296,-1.0080391161941086e-17
553550998497918976,-1.0420190483870161e-17
553545600655187969,-1.060579504291656e-17
553483798810087424,-1.0694030271966622e-17
553620764516429825,-1.098012937618305e-17
552813534334038017,-1.098591024358865e-17
553553247953514496,-1.1375487779143679e-17
552792913910833152,-1.1391175220771623e-17
553541692243316737,-1.1701417858131015e-17
553591897458237440,-1.2624389235934628e-17
553107921081749504,-1.301172763459037e-17
553496235320303616,-1.3074168303926462e-17
552806494283251712,-1.3545114250349399e-17
552818286803443713,-1.403058116385783e-17
553110037116502016,-1.4036000561974985e-17
553567980354031616,-1.4261177830024823e-17
553501710497628162,-1.4806337616237878e-17
552806943392145408,-1.5696542852425432e-17
553552662088937472,-1.5737040187065416e-17
553468547184467969,-1.6143992995414655e-17
553486913970397186,-1.6842784802339885e-17
552832247737622528,-1.747931792476459e-17
552802770873761793,-1.7706720125214916e-17
552810426422267904,-1.7754491834949757e-17
552793775740055552,-1.7817343229463235e-17
553505379079159808,-1.8421951473194107e-17
552817939196678144,-1.8690753448156683e-17
553551562732470272,-1.8736574990245082e-17
552814682839326720,-1.8888054994899422e-17
552813350745153536,-1.9356712569170898e-17
553555141731700737,-2.0276555663453318e-17
553531601838432257,-2.058285453176766e-17
552819928315617281,-2.0711988988608746e-17
553543653424386049,-2.1425180695943838e-17
552814843288223744,-2.1497676352354312e-17
553187846035873793,-2.1594804548115998e-17
553513642478813184,-2.2012939449071592e-17
552793899522355200,-2.2858035916459517e-17
552835533009727488,-2.3183865004779615e-17
552943855021330432,-2.3236204155843306e-17
552832817089236992,-2.335480094304602e-17
552794232503951360,-2.368855502008402e-17
553111518230106112,-2.3971977727569108e-17
553561410920521729,-2.410475521360626e-17
553503611104542720,-2.417282144961527e-17
553602592828563456,-2.441414808148407e-17
553582756257476609,-2.512931961842885e-17
552796152295219200,-2.5502083525297217e-17
552836259433828352,-2.6423324852909124e-17
552808923707617282,-2.655974124703862e-17
553169488104140801,-2.6622836740831627e-17
553482001651470336,-2.7015557031129364e-17
552795124288073729,-2.70550377902975e-17
553589181436284930,-2.7252488349969292e-17
553584470264410113,-2.7641152881216453e-17
552809852834418688,-2.806214642201558e-17
553183053523476480,-2.83148552526651e-17
553560398365212672,-2.855978052862863e-17
553776086816137217,-2.88108862499387e-17
552805557896482816,-2.8833782816932635e-17
552785851655393281,-2.9670260283699125e-17
553575543757471744,-3.118841372825154e-17
552843614389559296,-3.14086816207909e-17
552837270953529345,-3.1435272574406735e-17
553484321848573952,-3.208662305542171e-17
553589051044151296,-3.2452934193952735e-17
552812425758912512,-3.3300790422882835e-17
553565149790224387,-3.404103176843547e-17
553164985460068352,-3.43677476389558e-17
553490069609136128,-3.4867384261256355e-17
553471272353402880,-3.501209423355483e-17
553165237680353280,-3.5216593659636734e-17
553574968563625985,-3.5683842500358716e-17
553555095317929985,-3.603715375631848e-17
553535417555759106,-3.646387451161658e-17
553544735131201536,-3.6638138197807694e-17
552848736897216513,-3.663945148289998e-17
553506819294121985,-3.6992676406505434e-17
552821574298918913,-3.7125224602492486e-17
552792544132997121,-3.774115861970993e-17
553496771700477952,-3.854994598476445e-17
552816063369326592,-3.8676523987735816e-17
552819783675432960,-3.902889724369352e-17
552997008483811328,-3.906140386232122e-17
552785877748158464,-3.951915484363075e-17
553535680979427328,-4.0536907576790627e-17
552851266754596865,-4.078711492588739e-17
553550767034875904,-4.1003989158561556e-17
552833028201144320,-4.109787683628194e-17
552848069629575168,-4.115952269225544e-17
553588472330452992,-4.130669180200703e-17
553588188648714240,-4.138390260837384e-17
552830099046035456,-4.160310555018674e-17
553590837666656257,-4.227450741286817e-17
552805987053490179,-4.3004876082914576e-17
553476849196879873,-4.326401303916605e-17
553583385005006850,-4.34984963747373e-17
553535440821575682,-4.4210891623996275e-17
552805838323478528,-4.4555110754965064e-17
552806438440292352,-4.483931431027624e-17
552836806065262594,-4.7512750427388456e-17
553258349870206978,-4.883241306077432e-17
552808156468768769,-4.887825724242187e-17
553491367159017472,-4.916604505851033e-17
553507669831876608,-4.9660484695111504e-17
553214228488667136,-5.0519195599174323e-17
553573926786580480,-5.063862737868193e-17
552851362808360960,-5.09624770595823e-17
552811152456318976,-5.1055688334117625e-17
553091815218237440,-5.117981807083681e-17
553594432743018496,-5.125834351978043e-17
552806316855799808,-5.1440887910688874e-17
552818667293904898,-5.145500721503006e-17
553480808947015680,-5.200256554542435e-17
553545820235366400,-5.2641362167794136e-17
553545546947104768,-5.276472832164085e-17
552802654641225728,-5.380991770158833e-17
552804602702475265,-5.4051025010452313e-17
553580917898231808,-5.4364954163796315e-17
552816964436230144,-5.456961433309015e-17
553504117230800896,-5.464668241062828e-17
553510071494529024,-5.475251121967158e-17
553587865351753730,-5.5374305666700114e-17
553486812787007488,-5.59095334248121e-17
553189559149035520,-5.607464161172558e-17
553228413922967552,-5.75355686959008e-17
552844861322592256,-5.760622133431616e-17
552811357889134592,-5.82961340256067e-17
553545251651342337,-5.88708859870021e-17
552812407064899585,-5.958451235012625e-17
552811728447078400,-5.98868132898526e-17
552810800164139008,-6.007533325662309e-17
553576199268876288,-6.067814384214206e-17
553484447207923712,-6.19019157238369e-17
552839829726060544,-6.258708683395646e-17
552793785747660801,-6.318864210166334e-17
552838224981553153,-6.450198202691849e-17
553546195772407808,-6.507157315931097e-17
552982992248123393,-6.526779199956922e-17
553513832971513856,-6.552158075445632e-17
553535353790152705,-6.572188347993658e-17
553004470440058881,-6.579691758635807e-17
553478423411441664,-6.58451892429309e-17
553566385105027072,-6.593798941999954e-17
553504624830066688,-6.619161811547315e-17
552834504520630274,-6.74642429055839e-17
555631356286234624,-6.869360130073044e-17
553479692133470209,-6.881383179855412e-17
553580837477056514,-6.933517389546942e-17
552812691509616642,-6.953148188226194e-17
552840222636265472,-7.003391540788355e-17
552852606234947584,-7.088386095875997e-17
553538031513530368,-7.100903822415643e-17
553552954297692160,-7.164187743680551e-17
552793901866971136,-7.197100520806856e-17
553179653238964225,-7.427111568811454e-17
552836882770690049,-7.443093810367766e-17
553551156081745920,-7.47282745364465e-17
553132986087268352,-7.511692976281531e-17
553199295588212736,-7.527665918596557e-17
553589124125323264,-7.570340833340484e-17
552811198543331328,-7.658251226044699e-17
553530851091558400,-7.709974887869668e-17
552983715224113152,-7.723782788293814e-17
553540518853242880,-7.782899229609799e-17
553567072114839553,-7.905179061020294e-17
554412391279374336,-7.964133022677904e-17
552797898187210752,-8.044943564797001e-17
552979530923925504,-8.101588739062613e-17
552809081233080320,-8.12813905772103e-17
553680292381483008,-8.225535075454997e-17
553559389102026752,-8.24612738671311e-17
553615451549605888,-8.333541470089449e-17
553486598328041472,-8.408603874311347e-17
553165669043548160,-8.443817185089663e-17
553577850461519872,-8.453158245449719e-17
552846396106502144,-8.466719927801869e-17
552796316955574273,-8.634965066911215e-17
552842578539073537,-8.643340148295486e-17
553581318630821888,-8.698150019463738e-17
552818721874378752,-8.732898342914821e-17
552833471958499329,-8.823039894450482e-17
553540761632120832,-8.831306539848643e-17
553506956686532608,-8.890465268479347e-17
553532010447527936,-9.033403045552618e-17
552808280074878979,-9.05777678908747e-17
553549686129561600,-9.064398993945553e-17
552996575396765696,-9.147130112694588e-17
552800910670569472,-9.180555193208406e-17
554212158133633025,-9.206961680182943e-17
553213293964562434,-9.222461023134352e-17
553588028925804544,-9.225565796494117e-17
553588358044483584,-9.376542261357985e-17
552817506964873216,-9.446349981201548e-17
552853646744899584,-9.77610864748625e-17
552842163160367104,-9.814657756707013e-17
552814637696450560,-9.990364221926525e-17
553538891228385280,-1.0027266915404398e-16
553487150550089728,-1.003448384704036e-16
552808637719408641,-1.0061623553073109e-16
552844745647460352,-1.02352939369147e-16
553555725084270593,-1.0269560334848058e-16
552811730204499969,-1.0317978410772533e-16
553577721939251201,-1.0409885894506398e-16
552836375670562816,-1.0458196045280432e-16
552817983572017153,-1.0474788926888865e-16
553213078889062401,-1.0477973054432586e-16
552848723001475073,-1.0485218145868454e-16
552989544589430784,-1.0569166749964218e-16
553160945657462785,-1.0735458692288517e-16
553023915963191296,-1.0831307252963408e-16
552808639283486722,-1.0985278245724512e-16
553589370721013760,-1.0987881001970487e-16
553226523650437120,-1.0991709805207375e-16
553462405800288256,-1.1054985617397017e-16
553183997090889730,-1.1143201761629957e-16
553553754424115200,-1.1288579322350005e-16
552808195710664704,-1.133403090357918e-16
553588869409832960,-1.1342741088112442e-16
553511231735099392,-1.1374072519162762e-16
553535185695043584,-1.148246403549217e-16
553545642422046721,-1.1525804642439425e-16
552813327018385408,-1.155301367953389e-16
552835235982090241,-1.159385915412153e-16
552814267020636160,-1.1742742132711834e-16
552812220438945793,-1.2014472430470584e-16
553575800122118144,-1.2018943957378867e-16
552813949427544064,-1.2141515895653864e-16
552810175049244672,-1.235032370860181e-16
553576010898497536,-1.2422283357139007e-16
553523299045875715,-1.2482672639162762e-16
552814555764506624,-1.2625047992904592e-16
552816420074291200,-1.2736736932796764e-16
552812255805325313,-1.28969795410786e-16
553532431517876225,-1.3017532258825473e-16
553585548204720128,-1.3025525635569786e-16
553589955029512192,-1.3066699740446363e-16
553593923659382784,-1.3071365193151307e-16
552818473806491650,-1.3108628042400246e-16
552852233901965313,-1.3173812370366575e-16
552816676249403393,-1.323383825133615e-16
552833887261691905,-1.3554037496920665e-16
553524499803815937,-1.3560681831625477e-16
552806033585090560,-1.3586900117839032e-16
553545733513969665,-1.3736954078535682e-16
553535581586993152,-1.379203651871487e-16
553219824059310080,-1.4007794978466254e-16
553475360936165376,-1.4089874104655951e-16
553518690872745985,-1.4104808284776506e-16
552819812435369987,-1.4277667254865618e-16
553533391216582656,-1.4703312079589927e-16
553547771127812096,-1.4794605518352517e-16
552807834078171136,-1.4829433242820227e-16
552817356779433984,-1.5267128571758827e-16
553489533526765568,-1.5455362099444388e-16
552860931026604032,-1.56757104868879e-16
553546903842222080,-1.5790759072550707e-16
553545265592799232,-1.5842578690631707e-16
553588750207680512,-1.5843999196632699e-16
552789153403109376,-1.5908064162798038e-16
553587367983194113,-1.613494465268438e-16
552858826043424768,-1.6367819228231064e-16
553484589277396992,-1.638413294810999e-16
552844205199228929,-1.6384259524105382e-16
553545342055354368,-1.6489627380800204e-16
552815133299187712,-1.6507739924450174e-16
552811900686176257,-1.6738631005047864e-16
552790281276628992,-1.734228979824727e-16
553534531522011136,-1.7359019938478958e-16
552840158329200640,-1.7534823512961564e-16
554247300738854912,-1.7584978786874026e-16
552814927829016577,-1.7710453636369335e-16
552838782710321152,-1.773800344601636e-16
553593105233248257,-1.77905331599267e-16
553551840428949504,-1.8063797080257218e-16
552818327521734657,-1.810739966095935e-16
552839062483369984,-1.8129070717745862e-16
552792742842363905,-1.8955479361995013e-16
552820213129809921,-1.9339113730197734e-16
553593746865258497,-1.958571529574608e-16
553591307206422528,-1.9894543508501349e-16
553587104656404481,-1.9965341659818208e-16
552816583614013440,-1.996835231527856e-16
553547724860456961,-2.0049840083821687e-16
552836259283218434,-2.0289478204531643e-16
552794951487352832,-2.0457005079484698e-16
552816523593916416,-2.0647187450664224e-16
552839226317094912,-2.066662973478917e-16
553214220364685313,-2.0668683484168416e-16
553549691129192448,-2.078894911165995e-16
552804023389392896,-2.0925727725652747e-16
552805909425307648,-2.106128823757284e-16
552800628012224512,-2.1078601225733948e-16
552806661149425664,-2.1286677164235726e-16
552805847777415168,-2.132291666605283e-16
553042679412436992,-2.1350096406478983e-16
553545574528864256,-2.1504700325044403e-16
553536495433580545,-2.1626887506778062e-16
553545981296648193,-2.1977986581296348e-16
552814354588909569,-2.2127801205241805e-16
553477770622533632,-2.277209475002847e-16
552810267772334080,-2.2895589530630037e-16
552813227793321984,-2.311842520890219e-16
552817422366154752,-2.346212081406643e-16
553532938508587008,-2.352356502651737e-16
552819482435932160,-2.4721861033263154e-16
552816957439741952,-2.479089900986589e-16
553023430443167746,-2.510736658041508e-16
552806009157464064,-2.5668726683414394e-16
553478941798051841,-2.6102952928293126e-16
552798644244860928,-2.6169512522870634e-16
552817834628501505,-2.632047471580987e-16
553596117909512192,-2.6807339488208764e-16
553586988419649536,-2.7054813780078583e-16
552812322075729920,-2.7308154340565443e-16
553587214987558912,-2.7583019462328406e-16
553213257943879681,-2.846352825775584e-16
553548166629691392,-2.853472537189422e-16
552811106046324736,-2.8615296554685685e-16
552825292184514561,-2.8636810661394576e-16
553591230006067200,-2.9662420947213373e-16
552798473389867009,-2.979383103333201e-16
553009507186393088,-2.9924848808592043e-16
553591583623245824,-3.0127851021406185e-16
553544694765215745,-3.037682880894561e-16
553531200149925890,-3.038585268570356e-16
553474188259102720,-3.10959508572367e-16
553010804069781505,-3.1140276875761703e-16
553587040886206466,-3.132416582989614e-16
553603571200311296,-3.144500061120768e-16
553590931866521602,-3.1604622696768126e-16
553552625724301314,-3.1666005679329284e-16
552812435321536512,-3.2087917736918867e-16
553597910504714240,-3.225045452596953e-16
552801740652036096,-3.3642225888458947e-16
553587298215133185,-3.3716813729325716e-16
553587132045213696,-3.4177146774877726e-16
553591850532347906,-3.456078673639374e-16
553615178492043264,-3.4640007578307294e-16
553587067712995328,-3.4755604564894616e-16
553008182050947072,-3.496315527094676e-16
552827794976022528,-3.5005394821252606e-16
553587467409162240,-3.501334952819582e-16
553587039598571523,-3.5466613416524687e-16
553592233354870785,-3.5534541942964635e-16
553594057034051584,-3.67209459837851e-16
552823438457311232,-3.685852234026264e-16
553520342111494145,-3.72880220494102e-16
553587188500529152,-3.7478417016068016e-16
553586932727693312,-3.764798951587983e-16
553587150428856320,-3.7684068399782085e-16
553232132269953024,-3.790161135816231e-16
553587407980077057,-3.7922010995503745e-16
553587398169591809,-3.947808959272206e-16
553591266316152832,-3.955713397405742e-16
552806438629048320,-4.093795212032863e-16
553591773537513473,-4.1264915842581136e-16
553548731690520576,-4.135939119867196e-16
553563604117913600,-4.16679007783414e-16
553587620006346752,-4.1693354009975793e-16
553553255255781376,-4.294511186225518e-16
553552395704082432,-4.3073997969444166e-16
553591259009658881,-4.3285773182757655e-16
553593201756762113,-4.3296761669039264e-16
553590917773656065,-4.3709279232267123e-16
552819966006001664,-4.4386836230794397e-16
553586964805713920,-4.4405353268803815e-16
553549149787140096,-4.467276077855792e-16
552806757672964097,-4.481142368864022e-16
553591557325336576,-4.501844902526423e-16
552900298516484098,-4.516007194227499e-16
552816766414381057,-4.533827308657453e-16
553587034762534913,-4.553644460658635e-16
553520622920536064,-4.605231081065822e-16
552900577697751041,-4.682092300794617e-16
553587361398132736,-4.719129067577432e-16
553559162018611201,-4.730993686315961e-16
553559527216656385,-4.832861365527287e-16
553518879222161408,-4.885016105665305e-16
553587000578932737,-4.92064368521282e-16
553521650831196160,-4.944047932156658e-16
553522878902468608,-4.990173746670579e-16
553217937117831168,-4.999968625328039e-16
553559355438923776,-5.012482526390473e-16
553518706681053184,-5.058571770115025e-16
552812110678196224,-5.0838199479106765e-16
552810796884189184,-5.091072427192218e-16
553587445921759232,-5.18894002022134e-16
553518923409547264,-5.255611000313252e-16
553552287889494017,-5.265798460261315e-16
552808137737383936,-5.267712511545915e-16
552808047643729920,-5.341906547751642e-16
553551001077424128,-5.366017828414237e-16
553521154921881600,-5.384789812110223e-16
553519787943690242,-5.526452231922159e-16
553559105387118592,-5.532994254296606e-16
552812099294863362,-5.553831264975472e-16
552808138831708160,-5.575460789047811e-16
553256620881616896,-5.638475785291263e-16
553519836249071617,-5.661398079636559e-16
552807311191048193,-5.73364476159389e-16
553521113733824513,-5.798832968881885e-16
553559569163902976,-5.813366341261762e-16
553521787225796608,-5.814133519833951e-16
553521356378476544,-5.948308116528706e-16
552905510039465985,-5.953552301864342e-16
552795831599120384,-5.982621479065057e-16
553519009149100032,-6.081030234291863e-16
553519647400554497,-6.203087524738031e-16
553521412934475777,-6.234586292948074e-16
553579224402235393,-6.2385000259399e-16
553521233162031104,-6.292776802456318e-16
552819464711184384,-6.319237895185413e-16
552807952315207680,-6.321497378500706e-16
552807298192510977,-6.326971439640738e-16
553520926906941440,-6.338309156857665e-16
552808549349199872,-6.353904042661403e-16
553554289835376643,-6.457300359390384e-16
553520097395245056,-6.457570202891053e-16
552797785427558401,-6.903020957821847e-16
552806751746396160,-7.016049628811227e-16
552808046938697729,-7.019031581609615e-16
552795016725532672,-7.123872431019891e-16
552808399885185024,-7.149968040237622e-16
552808387415900160,-7.271279564855747e-16
552796307627470848,-7.411679548320397e-16
552808830598262785,-7.50299770204053e-16
552795898196291584,-7.521401602349407e-16
552796077561094144,-7.526950901079632e-16
552786226546495488,-7.624485669505915e-16
552793048510648320,-7.65940416022677e-16
552807393453547522,-7.740385798355075e-16
552810884314443776,-7.778820335251004e-16
552792030225920000,-7.864327446953032e-16
552814805456027648,-8.103698190197258e-16
552791675379400705,-8.318537842719943e-16
552808267572064256,-8.383378945854579e-16
552812365692289025,-8.389238474104954e-16
552812767132934144,-8.410980576112866e-16
552795888134144001,-8.415737231783772e-16
552848620375261184,-8.428103142682691e-16
552810655657787392,-8.429372225789338e-16
552812482406780928,-8.490245493697859e-16
552818611015131136,-8.531134498113321e-16
552808821434089472,-8.652455907639534e-16
552794374950887425,-8.666780604848528e-16
552806614973960192,-8.853970516615421e-16
552811563917123584,-8.868811673639679e-16
552806767625641984,-8.928918435629594e-16
552813020465074176,-8.934269249936076e-16
552808109551263744,-9.13581049165353e-16
552792351413133312,-9.35546126210137e-16
552807638233120769,-9.400101827134183e-16
552811649602961408,-9.410723883362595e-16
552813011338285056,-9.439438485674428e-16
552822387448631296,-9.448150965528432e-16
552812376375164928,-9.664219675482269e-16
552792826216329217,-9.929392645890812e-16
552812548366798848,-9.9410173037655e-16
552813563283509248,-1.0041727183690463e-15
552812526434385921,-1.0049252386700705e-15
552822420026183680,-1.010091429640531e-15
552818696864157697,-1.012165984426473e-15
552836538875531265,-1.012292813937425e-15
552814818986844160,-1.0200835617410584e-15
552822921698500608,-1.0237249525017531e-15
553503184174710784,-1.0356398087088799e-15
552813075133636608,-1.05366464190579e-15
553592018270978049,-1.0891641924253708e-15
553591990856986624,-1.0996504580673655e-15
553591653404270592,-1.1247660391254464e-15
553591766893727744,-1.1420734305730473e-15
553591570680004608,-1.1708841735673221e-15
553199853820723201,-1.1812132843974855e-15
553590965307707393,-1.1908125641473712e-15
553591179078410240,-1.2192389544452184e-15
553591098074226688,-1.2303895463191067e-15
553590836588740609,-1.2331604814035224e-15
553590957317566466,-1.233246009478569e-15
552796160101220352,-1.238544522879635e-15
553590922748108801,-1.246474584481903e-15
553590917316505600,-1.2695530264300494e-15
553591360327282689,-1.2728081551474894e-15
553591453675696129,-1.2755907848870656e-15
553591555479461888,-1.286234317458888e-15
553591134807920640,-1.2886924641545673e-15
553590974044069888,-1.2938477125147755e-15
553591626485215232,-1.2976779739001293e-15
553503810073952257,-1.3138986028532868e-15
553203804628598784,-1.3439906102714629e-15
553544252563935234,-1.3559874919056685e-15
553203171674181634,-1.3562198468599528e-15
553205437043326976,-1.3869041380084642e-15
553203833921613824,-1.4099318499963313e-15
553504861321703424,-1.4149569437462454e-15
553506824109191168,-1.418528330458443e-15
553211195881426944,-1.4189452353178882e-15
553201889685553153,-1.4205007653333917e-15
553507708574244864,-1.4231777589926305e-15
553590981967511553,-1.4288364988137826e-15
553198239399157761,-1.4322888326967077e-15
553199058849103872,-1.4441832736159768e-15
553204674766331904,-1.4913389803221616e-15
553503820425093120,-1.502998408880725e-15
553503409807327232,-1.5155213951340854e-15
553203935088214017,-1.5219253893443216e-15
553504306998300672,-1.5255621672543038e-15
553507716329529344,-1.592215462073348e-15
553203187533230080,-1.592843655413731e-15
553505793249923072,-1.5939722345778365e-15
553504209635536896,-1.5956035262030086e-15
553212936995762176,-1.6087262539622873e-15
553202633377599488,-1.6144832324658484e-15
553503544280875008,-1.6515630773464715e-15
553590459688570880,-1.6571798510597294e-15
553505863827079168,-1.6630256616047789e-15
553505371260588032,-1.6709353942355768e-15
553503712157904898,-1.7047985745499806e-15
553504493803819008,-1.7047985864985516e-15
553506057432342528,-1.7531958128502266e-15
553504854794969088,-1.7617641318699124e-15
553506283958333440,-1.8345803986713873e-15
553526618720075776,-2.1958827315533188e-15
553198499891007488,-2.2144388598877143e-15
553512763906334722,-2.234833845328821e-15
553522189337890816,-2.2711424903353716e-15
552806309540528128,-2.2993466667234615e-15
553508114436476929,-2.2997403050613163e-15
552811386259386370,-2.6480534584054883e-15
553590107807428608,-4.49059600325681e-15
553507375211364352,-4.493283338042975e-15
553587884263874561,-4.534820481413731e-15
553507283108655104,-4.546174594767016e-15
553587861636009984,-4.570816918831934e-15
553589786775412737,-4.606603536070802e-15
553588198577025026,-4.61686734320636e-15
553589201347035136,-4.63126874925535e-15
553589804492148736,-4.633249625793068e-15
553587842623234048,-4.641683099016938e-15
553588931707822080,-4.648772547482761e-15
553587713535123456,-4.6604731408058845e-15
553587990237171712,-4.660526872394216e-15
553507222324801536,-4.6762921953154494e-15
553507344932294657,-4.688268665799271e-15
553507208382930944,-4.688795205433368e-15
553508576422285312,-4.699141694806315e-15
553508438224142336,-4.701704187675042e-15
553589615379374080,-4.7033222391382835e-15
553507937121878016,-4.712586086358483e-15
553507538860126211,-4.716702179437844e-15
553507133464248320,-4.718683412048583e-15
553587974680875008,-4.726145036438302e-15
553509397063041024,-4.726479704626711e-15
553508636505673729,-4.7311983721058906e-15
553507679621378049,-4.736209397237807e-15
553589304245493761,-4.75262605765929e-15
553507700546367488,-4.7530397088557396e-15
553588238867517441,-4.779460380119931e-15
553588033313046528,-4.812101930839531e-15
553588141576454144,-4.890949697481709e-15
553508411178885121,-4.91579980176588e-15
553507613900820481,-4.9648998651817755e-15
553507495604678658,-5.010656356533933e-15
553508241981046784,-5.081425199921612e-15
553592680866152449,-5.309203457718315e-15
553152395371630592,-9.616918514611355e-15
553506608203169792,-3.889026133918205e-14
553589243583672320,-0.04028830832769172
553587741720854528,-0.6376573991337198
553588069610569729,-0.6756721501826428
553588091433537536,-0.6757939272223923
553587810859757569,-0.7117594926690294
553587912949121024,-0.7140395540041502
553588737750605825,-0.8699848861975616
553587794686513153,-0.8699848861975619
553588971864084481,-0.8699848861975619
553647665695956992,-0.8699848861975622
553587882741747713,-0.8699848861975624
553588653562150912,-0.8699848861975624
553587013409325058,-11.93901562895871