553587013409325058, 0.016701340730466942
553518472798683136, 0.015410695022345506
553586860334010368, 0.015372168284789644
553590459688570880, 0.015372168284789644
553506608203169792, 0.015060990789146128
553503184174710784, 0.014758397500278988
553550301886955520, 0.01460355987055016
552811386259386370, 0.014563106796116505
553184482241814530, 0.014416004707266844
553587303172833280, 0.014271844660194174
552791578893619200, 0.01407063458561981
552791196247269378, 0.013985205732778548
553538058440941568, 0.01390815225766682
552810448324943872, 0.013796627491057742
552833028201144320, 0.013796627491057742
553461741917863936, 0.013275963518681965
553152395371630592, 0.013214670981661273
552821069036670976, 0.012742718446601941
553197863971610624, 0.012588044926708548
553587387889373186, 0.012146429622157777
552807385496973312, 0.012056155704453259
552810267772334080, 0.011992813380261735
553501357156876290, 0.011986096128490949
552812435321536512, 0.011888709097446961
553587383397253120, 0.011838925074761378
552806469217681409, 0.01178639662672883
552813227793321984, 0.011745963019089966
552848620375261184, 0.01137742718446602
553164985460068352, 0.011326860841423949
553544252563935234, 0.011326860841423949
553544694765215745, 0.011326860841423949
552813949427544064, 0.011300159142127807
553587435511484416, 0.01126837446874878
552805488631758849, 0.011189373268185376
552806309540528128, 0.010987343966712897
553590835850514433, 0.010787486515641855
553587377835614209, 0.010750288286277573
552814354588909569, 0.010750229890313108
552808387415900160, 0.010608470036826247
552811444119797761, 0.010584074868824499
553505242554175489, 0.010571736785329019
553587103922020352, 0.010508708774226392
553587134838620160, 0.010508708774226392
553587135274815488, 0.010508708774226392
553587160088338432, 0.010508708774226392
553587193772793856, 0.010508708774226392
553587246516174849, 0.010508708774226392
553587285074386944, 0.010508708774226392
553587395942420480, 0.010508708774226392
553587422445846529, 0.010508708774226392
553587551131283458, 0.010508708774226392
553587582962253824, 0.010508708774226392
553587586241794050, 0.010508708774226392
553587589417304065, 0.010508708774226392
553587599856906241, 0.010508708774226392
553587609759666177, 0.010508708774226392
553188394113986561, 0.01039842962491379
553587672137334785, 0.010347470618293306
552814935688740867, 0.010344254441283158
552808637719408641, 0.010313097048387726
552808195710664704, 0.010251341976241692
552814843288223744, 0.01022074095541709
553549686129561600, 0.010190322083525969
552811106046324736, 0.00992405261509552
553579224402235393, 0.009914969223935527
553580571985580032, 0.009914969223935527
552806494283251712, 0.009910125094253907
552805987053490179, 0.009881524444631242
552814516262555648, 0.009881524444631242
552807316031287296, 0.009853088403063957
552806316855799808, 0.009824815552553013
552805838323478528, 0.009768753837559844
553531413459660800, 0.009766527970411465
553576010898497536, 0.009766527970411465
553187777689694208, 0.009758526263380633
552805699349016577, 0.009740962219245305
552805847777415168, 0.009740962219245305
552806438440292352, 0.009740962219245305
552806943392145408, 0.009740962219245305
552807494545076225, 0.009740962219245305
552807670710038528, 0.009740962219245305
553474188259102720, 0.009708737864077669
553588178687655936, 0.009708737864077669
553506824109191168, 0.009510967277957569
552812691509616642, 0.00940645115402397
552834961762709505, 0.00935275080906149
552815787484778497, 0.009316865904938028
552816281737363458, 0.009316865904938028
553189048052105216, 0.009192814595938278
552815524741001217, 0.009118370759160386
552848069629575168, 0.009118370759160386
552848557766873090, 0.009118370759160386
553508241981046784, 0.009106645593437195
552811728447078400, 0.009094151978923572
552844861322592256, 0.009094151978923572
552812255805325313, 0.00904609833570601
552816383185010688, 0.008998549855623456
552806757672964097, 0.008961911874533234
553184702530453505, 0.00893386207210903
553184777315287040, 0.00893386207210903
553184841873633280, 0.00893386207210903
553184912258654208, 0.00893386207210903
553185239791857664, 0.00893386207210903
553185273639895040, 0.00893386207210903
553185403650322432, 0.00893386207210903
553185449150541824, 0.00893386207210903
553186074311528448, 0.00893386207210903
553187655434108928, 0.00893386207210903
553187813668425728, 0.00893386207210903
553188436178264066, 0.00893386207210903
553192939888058369, 0.00893386207210903
553195335661912064, 0.00893386207210903
553195879692517376, 0.00893386207210903
553196247319064576, 0.00893386207210903
553198499891007488, 0.008916531823085222
553160652567498752, 0.00889967637540453
552808456894169089, 0.008870332176333484
552807834078171136, 0.008824608814599807
553587912949121024, 0.008823349819869328
553592680866152449, 0.008803072018548037
552806767625641984, 0.008789875173370319
552811993145835520, 0.008779354410422371
552815897425891328, 0.00875690081857986
552808282440859648, 0.008734561785879402
553503712157904898, 0.008734561785879402
553504493803819008, 0.008734561785879402
553255878628237313, 0.008702344304996447
552792955052761088, 0.00870190578928443
553507495604678658, 0.00870190578928443
553507613900820481, 0.00870190578928443
552807055275220996, 0.008646333889052336
553202633377599488, 0.008559870550161813
552816726144864258, 0.008538524239562906
553521787225796608, 0.008516436722875147
553587794686513153, 0.008502500735510444
553587882741747713, 0.008502500735510444
553588653562150912, 0.008502500735510444
553588737750605825, 0.008502500735510444
553588971864084481, 0.008502500735510444
553647665695956992, 0.008502500735510444
552808109551263744, 0.008428647426519484
552811900686176257, 0.008428647426519484
552816583614013440, 0.008412649189348219
552815133299187712, 0.008402326920404234
552816366101614592, 0.008392029951139033
553503409807327232, 0.008392029951139033
553503544280875008, 0.008392029951139033
553503810073952257, 0.008392029951139033
553503820425093120, 0.008392029951139033
553504209635536896, 0.008392029951139033
553504306998300672, 0.008392029951139033
553504854794969088, 0.008392029951139033
553504861321703424, 0.008392029951139033
553505371260588032, 0.008392029951139033
553505793249923072, 0.008392029951139033
553505863827079168, 0.008392029951139033
553506057432342528, 0.008392029951139033
553506283958333440, 0.008392029951139033
553507708574244864, 0.008392029951139033
553507716329529344, 0.008392029951139033
552815313394229253, 0.008361289914687974
552822741250736128, 0.008361289914687974
553588091433537536, 0.008350670365233471
553539730449924096, 0.00834489135460009
552791830476386306, 0.008331611925910625
552792048173334528, 0.008331611925910625
552792980658987009, 0.008331611925910625
553507133464248320, 0.008331611925910625
553507208382930944, 0.008331611925910625
553507222324801536, 0.008331611925910625
553507283108655104, 0.008331611925910625
553507344932294657, 0.008331611925910625
553507375211364352, 0.008331611925910625
553507538860126211, 0.008331611925910625
553507679621378049, 0.008331611925910625
553507700546367488, 0.008331611925910625
553507937121878016, 0.008331611925910625
553508411178885121, 0.008331611925910625
553508438224142336, 0.008331611925910625
553508576422285312, 0.008331611925910625
553508636505673729, 0.008331611925910625
553509397063041024, 0.008331611925910625
553575232867672064, 0.008321775312066572
553586897168392192, 0.008321775312066572
552807393453547522, 0.008314746785620572
552810655657787392, 0.008314746785620572
553587370822750210, 0.008297584104764055
553587586703171584, 0.008297584104764055
553588413195382784, 0.008297584104764055
553588700408717312, 0.008297584104764055
553573995858382849, 0.008230644759770974
553587810859757569, 0.008204167376369727
552806614973960192, 0.008203883495145631
552806751746396160, 0.008203883495145631
552807638233120769, 0.008203883495145631
552808046938697729, 0.008203883495145631
552808138831708160, 0.008203883495145631
552808267572064256, 0.008203883495145631
552808549349199872, 0.008203883495145631
552808821434089472, 0.008203883495145631
552816766414381057, 0.008132893634358018
552900298516484098, 0.008132893634358018
552900577697751041, 0.008132893634358018
552812476019269632, 0.00811362137456096
552851028287422464, 0.00811362137456096
553462961365581824, 0.008113088816972312
553551887270547459, 0.008113088816972312
552826863698317312, 0.0081090026478376
552791675379400705, 0.008090614886731391
552818611015131136, 0.008090614886731391
552822387448631296, 0.008090614886731391
552814494381256704, 0.008090614886731391
553518706681053184, 0.008090614886731391
553518879222161408, 0.008090614886731391
553518923409547264, 0.008090614886731391
553519009149100032, 0.008090614886731391
553519647400554497, 0.008090614886731391
553519787943690242, 0.008090614886731391
553519836249071617, 0.008090614886731391
553520097395245056, 0.008090614886731391
553520342111494145, 0.008090614886731391
553520622920536064, 0.008090614886731391
553520926906941440, 0.008090614886731391
553521113733824513, 0.008090614886731391
553521154921881600, 0.008090614886731391
553521233162031104, 0.008090614886731391
553521356378476544, 0.008090614886731391
553521412934475777, 0.008090614886731391
553521650831196160, 0.008090614886731391
553522878902468608, 0.008090614886731391
552815468252127232, 0.008075349575624353
553588069610569729, 0.00806271621470818
553585548204720128, 0.008026403657471618
552814605115064323, 0.008009235602490585
552791516360765440, 0.007991546133016314
552791567401238529, 0.007991546133016314
552792023078825984, 0.007991546133016314
552792055122886656, 0.007991546133016314
552792212056993792, 0.007991546133016314
552792555944153088, 0.007991546133016314
552792564554678272, 0.007991546133016314
552792656552939523, 0.007991546133016314
552793325733183488, 0.007991546133016314
552794023258099713, 0.007991546133016314
552794111447941121, 0.007991546133016314
552795069691232258, 0.007991546133016314
552795629768814592, 0.007991546133016314
552809081233080320, 0.007990795612154834
553219824059310080, 0.007990795612154834
552809757225287681, 0.007934990081262399
553587678726594560, 0.007928802588996763
553587686762479617, 0.007928802588996763
553587829977399296, 0.007928802588996763
553587860620996608, 0.007928802588996763
553588210769883136, 0.007928802588996763
553588231238090752, 0.007928802588996763
553588250087268352, 0.007928802588996763
553588252372779008, 0.007928802588996763
553588519848132609, 0.007928802588996763
553588708826304514, 0.007928802588996763
553589221328715776, 0.007928802588996763
553589500572491776, 0.007928802588996763
553589677433712640, 0.007928802588996763
553203935088214017, 0.007925806064964642
553550000584540160, 0.007925806064964642
552809852834418688, 0.007898381130483795
553586932727693312, 0.00789381614624333
553586964805713920, 0.00789381614624333
553586988419649536, 0.00789381614624333
553587000578932737, 0.00789381614624333
553587034762534913, 0.00789381614624333
553587039598571523, 0.00789381614624333
553587040886206466, 0.00789381614624333
553587067712995328, 0.00789381614624333
553587132045213696, 0.00789381614624333
553587150428856320, 0.00789381614624333
553587188500529152, 0.00789381614624333
553587214987558912, 0.00789381614624333
553587298215133185, 0.00789381614624333
553587361398132736, 0.00789381614624333
553587398169591809, 0.00789381614624333
553587407980077057, 0.00789381614624333
553587445921759232, 0.00789381614624333
553587467409162240, 0.00789381614624333
553587620006346752, 0.00789381614624333
553590836588740609, 0.00789381614624333
553590917316505600, 0.00789381614624333
553590922748108801, 0.00789381614624333
553590957317566466, 0.00789381614624333
553590965307707393, 0.00789381614624333
553590974044069888, 0.00789381614624333
553590981967511553, 0.00789381614624333
553591098074226688, 0.00789381614624333
553591134807920640, 0.00789381614624333
553591179078410240, 0.00789381614624333
553591360327282689, 0.00789381614624333
553591453675696129, 0.00789381614624333
553591555479461888, 0.00789381614624333
553591570680004608, 0.00789381614624333
553591626485215232, 0.00789381614624333
553591653404270592, 0.00789381614624333
553591766893727744, 0.00789381614624333
553591990856986624, 0.00789381614624333
553592018270978049, 0.00789381614624333
553615178492043264, 0.007893282816323307
553121495791464448, 0.007880203038123649
552813327018385408, 0.007862108427243915
552845552770351105, 0.007844096724088718
552817356779433984, 0.007844096724088718
552816386154590208, 0.007844096724088718
553587741720854528, 0.0077939590075512405
552824008379736064, 0.00775643731532292
552827345435103234, 0.00775643731532292
552827902065385476, 0.00775643731532292
552829975800578048, 0.00775643731532292
552811835057909761, 0.007709880068532267
552833272724852736, 0.007709880068532267
552792030225920000, 0.007705347511172753
552792351413133312, 0.007705347511172753
552792826216329217, 0.007705347511172753
552793048510648320, 0.007705347511172753
552794374950887425, 0.007705347511172753
552795016725532672, 0.007705347511172753
552795831599120384, 0.007705347511172753
552795888134144001, 0.007705347511172753
552795898196291584, 0.007705347511172753
552796077561094144, 0.007705347511172753
552796307627470848, 0.007705347511172753
552797785427558401, 0.007705347511172753
552808830598262785, 0.007705347511172753
552810884314443776, 0.007705347511172753
553502087661645824, 0.007705347511172753
553550417272258560, 0.007686084142394822
553550450788548608, 0.007686084142394822
553550497852821504, 0.007686084142394822
553550508565479425, 0.007686084142394822
553550602920558592, 0.007686084142394822
553550610675818496, 0.007686084142394822
553550658402414593, 0.007686084142394822
553550697128796161, 0.007686084142394822
553550843321286656, 0.007686084142394822
553550944949272576, 0.007686084142394822
553550971167834113, 0.007686084142394822
553551000293085186, 0.007686084142394822
553551446164402176, 0.007686084142394822
553551554251599873, 0.007686084142394822
553551625621868545, 0.007686084142394822
553551676700098561, 0.007686084142394822
553551949745119233, 0.007686084142394822
552816942193467396, 0.007668417066214389
552817149673082882, 0.007651280938692123
553198239399157761, 0.007642741562644475
553199058849103872, 0.007642741562644475
553199853820723201, 0.007642741562644475
553201889685553153, 0.007642741562644475
553203171674181634, 0.007642741562644475
553203187533230080, 0.007642741562644475
553203804628598784, 0.007642741562644475
553203833921613824, 0.007642741562644475
553204674766331904, 0.007642741562644475
553205437043326976, 0.007642741562644475
553211195881426944, 0.007642741562644475
553212936995762176, 0.007642741562644475
552816957439741952, 0.007600329012352331
552812220438945793, 0.007596188421431139
553153997226663936, 0.007591406734145837
553154805905235968, 0.007591406734145837
553161717803671552, 0.007591406734145837
553170581282377729, 0.007591406734145837
553170977061081088, 0.007591406734145837
553171006244663297, 0.007591406734145837
553171130757173249, 0.007591406734145837
553171137782620160, 0.007591406734145837
553171643091398656, 0.007591406734145837
553174304016584704, 0.007591406734145837
553178733059002368, 0.007591406734145837
553179390176419842, 0.007591406734145837
553195530273456128, 0.007591406734145837
553196346375954433, 0.007591406734145837
553211957302816768, 0.007591406734145837
553220108219609088, 0.007591406734145837
553226339743186944, 0.007591406734145837
552793679082311680, 0.00758495145631068
552796160101220352, 0.00758495145631068
552816072902979584, 0.007575106681559127
553498348674875393, 0.007551240560949299
552816676249403393, 0.007550051201906781
552840744210161664, 0.0075425409750495866
552811563917123584, 0.007489597780859916
552811649602961408, 0.007489597780859916
552812365692289025, 0.007489597780859916
552812376375164928, 0.007489597780859916
552812482406780928, 0.007489597780859916
552812526434385921, 0.007489597780859916
552812548366798848, 0.007489597780859916
552812767132934144, 0.007489597780859916
552813011338285056, 0.007489597780859916
552813020465074176, 0.007489597780859916
552813075133636608, 0.007489597780859916
552813563283509248, 0.007489597780859916
552814805456027648, 0.007489597780859916
552814818986844160, 0.007489597780859916
552818696864157697, 0.007489597780859916
552822420026183680, 0.007489597780859916
552822921698500608, 0.007489597780859916
552836538875531265, 0.007489597780859916
553538279073935360, 0.0074890050618205955
553538295855349761, 0.0074890050618205955
553538493738405888, 0.0074890050618205955
553538596938846208, 0.0074890050618205955
553538823989493760, 0.0074890050618205955
553538912065712129, 0.0074890050618205955
553538987554385920, 0.0074890050618205955
553539141443788800, 0.0074890050618205955
553539293076279296, 0.0074890050618205955
553539507786903552, 0.0074890050618205955
553539728067551232, 0.0074890050618205955
553539762624012288, 0.0074890050618205955
553540050676219904, 0.0074890050618205955
553541495588802560, 0.0074890050618205955
553541618993618945, 0.0074890050618205955
553541672471396352, 0.0074890050618205955
552821934476754944, 0.007433252427184466
552822567057510400, 0.007433252427184466
552822679712313344, 0.007433252427184466
552823713876303872, 0.007433252427184466
552824073244246016, 0.007433252427184466
552833147520692224, 0.007433252427184466
552836153066684416, 0.007433252427184466
552836806065262594, 0.007433252427184466
552840084962443264, 0.007433252427184466
552840094156349440, 0.007433252427184466
553551562732470272, 0.007379198750139494
553197749240221699, 0.007375630315345828
553501672035856384, 0.007355104442483083
553501723743223808, 0.007355104442483083
553501889254678528, 0.007355104442483083
553502133979713536, 0.007355104442483083
553462142481870849, 0.00730177993527508
553462405800288256, 0.00730177993527508
553462823498416128, 0.00730177993527508
553463231386497024, 0.00730177993527508
553463489209978880, 0.00730177993527508
553464272043638785, 0.00730177993527508
553464786277916673, 0.00730177993527508
553464877118132224, 0.00730177993527508
553467937575952384, 0.00730177993527508
553469592488931328, 0.00730177993527508
553471188530249730, 0.00730177993527508
553496340580556800, 0.00730177993527508
553503688946225152, 0.00730177993527508
553535342049902592, 0.00730177993527508
554282491549196289, 0.00730177993527508
554412391279374336, 0.00730177993527508
552816063369326592, 0.007284996212903671
552810626503176192, 0.007281553398058253
552810702990475265, 0.007281553398058253
552811198543331328, 0.007281553398058253
552811357889134592, 0.007281553398058253
552811450226733058, 0.007281553398058253
552811541884858368, 0.007281553398058253
552811591683821568, 0.007281553398058253
552811730204499969, 0.007281553398058253
552811887684251648, 0.007281553398058253
552811928188645376, 0.007281553398058253
552812469958111232, 0.007281553398058253
552812627378724864, 0.007281553398058253
552813350745153536, 0.007281553398058253
552813534334038017, 0.007281553398058253
552814012791279617, 0.007281553398058253
552814682839326720, 0.007281553398058253
552833319747194882, 0.007281553398058253
552833463087534080, 0.007281553398058253
552833464933052416, 0.007281553398058253
552833762174992384, 0.007281553398058253
552833887261691905, 0.007281553398058253
552834026948415488, 0.007281553398058253
552835076573364224, 0.007281553398058253
552836259283218434, 0.007281553398058253
552836882770690049, 0.007281553398058253
552838040503472128, 0.007281553398058253
552840222636265472, 0.007281553398058253
552842163160367104, 0.007281553398058253
552842861209993217, 0.007281553398058253
552851863671169024, 0.007281553398058253
552876728326971393, 0.007281553398058253
552877204304977921, 0.007281553398058253
553588141576454144, 0.007281553398058253
553592819622092800, 0.007281553398058253
552817984524152832, 0.007238791162927537
553197339813220352, 0.007208002353633422
552810175049244672, 0.007193168529547742
553556666969763841, 0.0071332254584681775
553579540602429440, 0.00712202014677059
553587713535123456, 0.0071060942800327525
553587842623234048, 0.0071060942800327525
553587861636009984, 0.0071060942800327525
553587884263874561, 0.0071060942800327525
553587974680875008, 0.0071060942800327525
553587990237171712, 0.0071060942800327525
553588033313046528, 0.0071060942800327525
553588198577025026, 0.0071060942800327525
553588238867517441, 0.0071060942800327525
553588931707822080, 0.0071060942800327525
553589201347035136, 0.0071060942800327525
553589304245493761, 0.0071060942800327525
553589615379374080, 0.0071060942800327525
553589786775412737, 0.0071060942800327525
553589804492148736, 0.0071060942800327525
553590107807428608, 0.0071060942800327525
552851362808360960, 0.007103627012582416
553543369604210689, 0.007085417279592036
552807952315207680, 0.007072313357884165
553501710497628162, 0.007035317292809905
553502205748080640, 0.007035317292809905
553502788819632129, 0.007035317292809905
553503274176110592, 0.007035317292809905
553503283986563073, 0.007035317292809905
553503331356651521, 0.007035317292809905
553503365100228609, 0.007035317292809905
553503523539652608, 0.007035317292809905
553503876394262528, 0.007035317292809905
552832817089236992, 0.006992602866389274
553566026030272512, 0.006992602866389274
552812407064899585, 0.006991946160635481
552817735160176641, 0.0069734179634719454
552817607452016640, 0.006945128235425406
552817983572017153, 0.006945128235425406
552817506964873216, 0.0069310692713860835
553588640052674560, 0.0069279635622677685
553580917898231808, 0.0069268963071330404
553588188648714240, 0.0069268963071330404
552817422366154752, 0.006913384967819352
552827794976022528, 0.006913384967819352
552819966006001664, 0.006882307980029598
552812425758912512, 0.006836569579288026
553558982476828674, 0.006836569579288026
553579500139589632, 0.006742179072276159
553579817980149761, 0.006742179072276159
553579820563849218, 0.006742179072276159
553580063586000896, 0.006742179072276159
553580075082203136, 0.006742179072276159
553580255647399936, 0.006742179072276159
553580540662910976, 0.006742179072276159
553588028925804544, 0.006742179072276159
553582297551998976, 0.006742179072276159
553585746754682880, 0.006742179072276159
552818300124545025, 0.0066939359141050345
552808399885185024, 0.006687948501477417
552812099294863362, 0.006687948501477417
553549946725875712, 0.006687398867313916
553550346195574784, 0.006687398867313916
553550767034875904, 0.006687398867313916
553555102423089152, 0.006687398867313916
553555141731700737, 0.006687398867313916
553574899302670337, 0.006687398867313916
553547724860456961, 0.006680536292186777
552817834628501505, 0.006667864109181548
552808156468768769, 0.006616035076730348
553221961740857344, 0.006616035076730348
552811152456318976, 0.006616035076730348
553200322231808001, 0.006607335490830637
553590917773656065, 0.006604583581005217
553590931866521602, 0.006604583581005217
553591230006067200, 0.006604583581005217
553591259009658881, 0.006604583581005217
553591266316152832, 0.006604583581005217
553591307206422528, 0.006604583581005217
553591557325336576, 0.006604583581005217
553591583623245824, 0.006604583581005217
553591773537513473, 0.006604583581005217
553591850532347906, 0.006604583581005217
553592233354870785, 0.006604583581005217
553593201756762113, 0.006604583581005217
553594057034051584, 0.006604583581005217
553596117909512192, 0.006604583581005217
553603571200311296, 0.006604583581005217
552818473806491650, 0.0066035645517159595
553523299045875715, 0.00658451580781678
552810426422267904, 0.0065655766444194155
552850544797446144, 0.006501386962552011
553486439129038848, 0.006472491909385114
553489393202499584, 0.006472491909385114
553589051044151296, 0.006472491909385114
552818327521734657, 0.006393927581820215
553535276245864448, 0.006387963097135681
553588214859325440, 0.006362415516368359
552819015282737153, 0.006358306815347679
553508098825261056, 0.00634937385676094
553595514739253248, 0.006341998120889447
553210433570881536, 0.006294022463354274
553256620881616896, 0.006259580991313234
552818667293904898, 0.006214062105380626
552818721874378752, 0.006136107921262948
552794765331144705, 0.006118527508090615
553512763906334722, 0.006118527508090615
553526618720075776, 0.006118527508090615
553199418032521216, 0.0061141932501155806
553201111159824384, 0.0061141932501155806
553201660953366528, 0.0061141932501155806
553891758271369216, 0.0061141932501155806
553693040649334785, 0.006099078914612895
553587353437356032, 0.00609233048699653
553593105233248257, 0.006080472425182665
552848723001475073, 0.006067961165048544
552848736897216513, 0.006067961165048544
552848904426098689, 0.006067961165048544
552849973470314496, 0.006067961165048544
552850359266197504, 0.006067961165048544
552850999443202049, 0.006067961165048544
552851266754596865, 0.006067961165048544
552852018864218112, 0.006067961165048544
552853646744899584, 0.006067961165048544
552857418062127104, 0.006067961165048544
552858826043424768, 0.006067961165048544
552870347541053441, 0.006067961165048544
552874999522934784, 0.006067961165048544
553504624830066688, 0.006028077852226629
553510071494529024, 0.006028077852226629
553615282435289088, 0.005993048064245474
553586766419329024, 0.005948981534361317
553550482925715458, 0.0059443545487234805
553522189337890816, 0.00593311758360302
553508114436476929, 0.00593311758360302
552812983370268672, 0.00591626213592233
552818958533816321, 0.005893198313364415
553165132474634240, 0.005873187102960566
553165237680353280, 0.005873187102960566
553165585115516928, 0.005873187102960566
553165669043548160, 0.005873187102960566
553165727231139840, 0.005873187102960566
553166958397771776, 0.005873187102960566
553166961514127360, 0.005873187102960566
553167053742694400, 0.005873187102960566
553170739592179713, 0.005873187102960566
553187846035873793, 0.005873187102960566
553188194339258368, 0.005873187102960566
553188299758911488, 0.005873187102960566
553189559149035520, 0.005873187102960566
553301531340972032, 0.005873187102960566
553544568130768897, 0.005873187102960566
553544735131201536, 0.005873187102960566
553544746430652416, 0.005873187102960566
553545099905601536, 0.005873187102960566
553545546947104768, 0.005873187102960566
553545985624784896, 0.005873187102960566
553546195772407808, 0.005873187102960566
553549302187192320, 0.005873187102960566
553550518531141632, 0.005873187102960566
553550704888279041, 0.005873187102960566
553555098157060097, 0.005873187102960566
553557332261490688, 0.005873187102960566
553560398365212672, 0.005873187102960566
554305263046754305, 0.005873187102960566
553545265592799232, 0.005873187102960566
553545342055354368, 0.005873187102960566
553545574528864256, 0.005873187102960566
553545600655187969, 0.005873187102960566
553545642422046721, 0.005873187102960566
553545656590434304, 0.005873187102960566
553545733513969665, 0.005873187102960566
553545780905385984, 0.005873187102960566
553545820235366400, 0.005873187102960566
553545835548782592, 0.005873187102960566
553545981296648193, 0.005873187102960566
553546903842222080, 0.005873187102960566
553547771127812096, 0.005873187102960566
553553375103819776, 0.005873187102960566
552819482435932160, 0.0058629250343574055
552808280074878979, 0.00585991678224688
553549483984711681, 0.00581930465247469
553587104656404481, 0.005812223338169102
553574442014875648, 0.0057836963176769
553574968563625985, 0.0057836963176769
553575543757471744, 0.0057836963176769
553577555966836737, 0.0057836963176769
553581318630821888, 0.0057836963176769
553584470264410113, 0.0057836963176769
552819494372921346, 0.005778815561290676
552793021256056833, 0.005758614125261755
552925665293778945, 0.005758614125261755
552826438798172160, 0.005758614125261755
552832247737622528, 0.005754776072658941
552819213165801472, 0.005740064073872129
552805237510385664, 0.00570289683479359
552835091714416640, 0.00570289683479359
552835146844737537, 0.00570289683479359
552835235982090241, 0.00570289683479359
552835533009727488, 0.00570289683479359
552836259433828352, 0.00570289683479359
552836375670562816, 0.00570289683479359
552836509074591748, 0.00570289683479359
552837270953529345, 0.00570289683479359
552838224981553153, 0.00570289683479359
552843614389559296, 0.00570289683479359
552849852338831360, 0.00570289683479359
552813608694857730, 0.005697141316073355
553535185695043584, 0.005697141316073354
553577135777255424, 0.005697141316073354
553524538903109632, 0.005677624481916765
552819783675432960, 0.005673485037389768
553505379079159808, 0.0056634304207119745
553506555250106368, 0.0056634304207119745
553506956686532608, 0.0056634304207119745
553507669831876608, 0.0056634304207119745
553508940634673152, 0.0056634304207119745
553509339701727233, 0.0056634304207119745
553511231735099392, 0.0056634304207119745
553513937246097408, 0.0056634304207119745
553516610275655680, 0.0056634304207119745
553620764516429825, 0.0056634304207119745
553689869810409473, 0.0056634304207119745
553824308959928320, 0.0056634304207119745
553534838880608256, 0.0056634304207119745
553592274991714306, 0.005663430420711974
553587863921917953, 0.005663430420711974
553598661863563264, 0.005663430420711974
553589077086568448, 0.005663430420711974
553589243583672320, 0.00563418723437439
553217526646439936, 0.005631493783001193
553550998497918976, 0.005631493783001193
553551171802382336, 0.005631493783001193
553552662088937472, 0.005631493783001193
553504117230800896, 0.005616753796365446
553538031513530368, 0.005616753796365446
553199295588212736, 0.005613311567431337
553198944998543360, 0.005613311567431337
553224135334051840, 0.005593556928508385
553548567420628992, 0.005515292401659146
553596969978179584, 0.005512203974231013
553539889237884928, 0.00551077730964157
553540999465926657, 0.00551077730964157
552824748879925248, 0.0054851626350721295
552826072237346817, 0.0054851626350721295
552825507340091392, 0.0054851626350721295
553503611104542720, 0.0054851626350721295
552805557896482816, 0.005437645819221795
552841806245679104, 0.005437645819221795
553549440263675904, 0.005437645819221795
553584047189159937, 0.005437241187319483
553552452054556672, 0.005408725877981541
552840282094727168, 0.005406001765225066
552839935280300032, 0.005406001765225066
552834187426689024, 0.005406001765225066
552857373015289858, 0.005406001765225066
552819928315617281, 0.005383566383749568
552819812435369987, 0.0053666900001014504
552810796884189184, 0.0052956751985878195
553549149787140096, 0.005291699466456749
553531601838432257, 0.0052588996763754045
553531861885259776, 0.0052588996763754045
553532010447527936, 0.0052588996763754045
553532431517876225, 0.0052588996763754045
553532938508587008, 0.0052588996763754045
553533391216582656, 0.0052588996763754045
553534531522011136, 0.0052588996763754045
553535680979427328, 0.0052588996763754045
553538891228385280, 0.0052588996763754045
553542100143591426, 0.0052588996763754045
554247300738854912, 0.0052588996763754045
553576108466380802, 0.0052588996763754045
553576199268876288, 0.0052588996763754045
553576559085240320, 0.0052588996763754045
553576829345628160, 0.0052588996763754045
553577189837258752, 0.0052588996763754045
553577721939251201, 0.0052588996763754045
553577770983645186, 0.0052588996763754045
553577813056716800, 0.0052588996763754045
553577850461519872, 0.0052588996763754045
553578217387614208, 0.0052588996763754045
553579107620237312, 0.0052588996763754045
553585472145211392, 0.005213025055883628
553599279097733120, 0.005213025055883628
552798917541511169, 0.005195972671700827
552792802309181440, 0.0051779935275080916
553212962044149761, 0.0051779935275080916
552817687257415681, 0.005139920045688179
552835278625177600, 0.005139920045688179
553504019742990336, 0.005136898340781835
553502186999529473, 0.005136898340781835
553502135204478976, 0.005136898340781835
553502599358722048, 0.005136898340781835
553593746865258497, 0.005128746306458421
553475360936165376, 0.005065428450823132
553476443314061312, 0.005065428450823132
553478423411441664, 0.005065428450823132
553479692133470209, 0.005065428450823132
553482152743288833, 0.005065428450823132
553488128364007424, 0.005065428450823132
553494933437689856, 0.005065428450823132
553498708395175936, 0.005065428450823132
553506819294121985, 0.005065428450823132
553508132459393024, 0.005065428450823132
553509614952914944, 0.005065428450823132
553536816238710784, 0.005065428450823132
553577304178184192, 0.005065428450823132
553578353349758976, 0.005065428450823132
553589683402579968, 0.005065428450823132
553591055783051264, 0.005065428450823132
553588358044483584, 0.005065428450823132
553588472330452992, 0.005065428450823132
553588570368532480, 0.005065428450823132
553588750207680512, 0.005065428450823132
553588869409832960, 0.005065428450823132
553589038196981760, 0.005065428450823132
553589124125323264, 0.005065428450823132
553589955029512192, 0.005065428450823132
553590627343302657, 0.005065428450823132
553591897458237440, 0.005065428450823132
553593015416008704, 0.005065428450823132
553593923659382784, 0.005065428450823132
552798473389867009, 0.0050566343042071195
552801740652036096, 0.0050566343042071195
552814267020636160, 0.005043371001114118
553521549395771392, 0.00503571030018971
552820213129809921, 0.005031518324856319
552814637696450560, 0.005002367984844897
552845561896771585, 0.004974867451628452
552860931026604032, 0.004974867451628452
553548166629691392, 0.004974867451628452
552808639283486722, 0.00496202630754776
553550408346779648, 0.00495678177870632
552802654641225728, 0.0049555016181229775
553531200149925890, 0.004919465833426329
552837389870448640, 0.004894822006472493
553566368952377344, 0.004894822006472493
553559105387118592, 0.004883263985205733
553559355438923776, 0.004883263985205733
553540518853242880, 0.004867853290183387
553213293964562434, 0.004863562812591939
552807298192510977, 0.0048543689320388345
552807311191048193, 0.0048543689320388345
552808047643729920, 0.0048543689320388345
552808137737383936, 0.0048543689320388345
552812110678196224, 0.0048543689320388345
552812322075729920, 0.0048543689320388345
552819464711184384, 0.0048543689320388345
552823438457311232, 0.0048543689320388345
552825292184514561, 0.0048543689320388345
552905510039465985, 0.0048543689320388345
553107921081749504, 0.0048543689320388345
553470492565602305, 0.0048543689320388345
552814686149017600, 0.004844813087684428
553225926436089856, 0.004806962985436893
552794951487352832, 0.0047904956566172715
552796316955574273, 0.0047904956566172715
552796379811438593, 0.0047904956566172715
552796638436397056, 0.0047904956566172715
552796679322492928, 0.0047904956566172715
552796766484303872, 0.0047904956566172715
552796934134845440, 0.0047904956566172715
552797898187210752, 0.0047904956566172715
552798644244860928, 0.0047904956566172715
552800628012224512, 0.0047904956566172715
553543653424386049, 0.00477181163727627
553543671308886016, 0.00477181163727627
553544356700094464, 0.00477181163727627
553544770430464000, 0.00477181163727627
553545251651342337, 0.00477181163727627
553257491203899392, 0.004757281553398059
553587585126117376, 0.0047258264525300185
553587865351753730, 0.0047258264525300185
552820677338595328, 0.004716182121301275
553589959937257472, 0.004699874778422858
553615451549605888, 0.004690211528539937
553549691129192448, 0.004664001522939273
553480929612943361, 0.004664001522939273
553160945657462785, 0.0046617352442595164
553161275904376832, 0.0046617352442595164
553167760579379201, 0.0046617352442595164
553169488104140801, 0.0046617352442595164
553170260791427072, 0.0046617352442595164
553175352366100482, 0.0046617352442595164
553179653238964225, 0.0046617352442595164
553183053523476480, 0.0046617352442595164
553183997090889730, 0.0046617352442595164
553227312976908289, 0.0046617352442595164
553237817086967809, 0.0046617352442595164
553559162018611201, 0.0046617352442595164
553575800122118144, 0.004660194174757281
553576578933075968, 0.004660194174757281
553577531517837312, 0.004660194174757281
553578126320861184, 0.004660194174757281
553580837477056514, 0.004660194174757281
553582539034464256, 0.004660194174757281
553582756257476609, 0.004660194174757281
553583385005006850, 0.004660194174757281
553587250232311810, 0.004660194174757281
553587367983194113, 0.004660194174757281
553587662658207745, 0.004660194174757281
553588165408473088, 0.004660194174757281
553589974369845248, 0.004660194174757281
553590837666656257, 0.004660194174757281
553594257593106432, 0.004660194174757281
553680292381483008, 0.004660194174757281
553587243085209602, 0.004639114040556991
552796152295219200, 0.004606891300209404
552795993553764354, 0.004584681769147788
553548084656214016, 0.004584681769147788
553548128138584065, 0.004584681769147788
553550815940837376, 0.004584681769147788
553551580801536000, 0.004584681769147788
553509102790668289, 0.0045636124595469256
553509365081456640, 0.0045636124595469256
553509546602553344, 0.0045636124595469256
553511652587360256, 0.0045636124595469256
553513832971513856, 0.0045636124595469256
553518690872745985, 0.0045636124595469256
553524499803815937, 0.0045636124595469256
553551811282751488, 0.0045636124595469256
553571844562120704, 0.004557713052858684
553551840428949504, 0.004553322796718598
553551156081745920, 0.004553122633064794
553567997835882496, 0.004553122633064794
553199414659907584, 0.00453074433656958
553552734935601152, 0.004458265911542611
552839226317094912, 0.004449838187702265
553594432743018496, 0.004368932038834952
552814555764506624, 0.004363767816566826
552833471958499329, 0.004351172152498224
552852606234947584, 0.004334257975034674
553585181517701120, 0.004321909661715487
553484905125281792, 0.004285839237295548
553559392604684288, 0.004272855987055017
553560647305560064, 0.004272855987055017
553562157968031744, 0.004272855987055017
553570519052980225, 0.004272855987055017
553776086816137217, 0.004272855987055017
552814812363620352, 0.004258218361437574
552814927829016577, 0.004258218361437574
552815415949557760, 0.004258218361437574
552816420074291200, 0.004258218361437574
552816523593916416, 0.004258218361437574
552817606194135041, 0.004258218361437574
552818286803443713, 0.004258218361437574
552821574298918913, 0.004258218361437574
552821795628531715, 0.004258218361437574
552824657028874241, 0.004258218361437574
553551001077424128, 0.0042563669621499935
553552287889494017, 0.0042563669621499935
553552395704082432, 0.0042563669621499935
553552625724301314, 0.0042563669621499935
553553255255781376, 0.0042563669621499935
553554289835376643, 0.0042563669621499935
553559527216656385, 0.0042563669621499935
552806259767123968, 0.004251250367755222
553549946738446336, 0.004251250367755222
553226523650437120, 0.004185654844462057
553514398871216128, 0.004172445677300045
553540761632120832, 0.004172445677300045
553478289474740224, 0.004160887656033286
553504747508879360, 0.004149033275246867
552805439474515968, 0.0041020836881848636
552806438629048320, 0.0041020836881848636
552816964436230144, 0.0041020836881848636
552844369649098754, 0.0041020836881848636
552838782710321152, 0.004079018338727076
552839062483369984, 0.004079018338727076
552839829726060544, 0.004079018338727076
552840158329200640, 0.004079018338727076
552844205199228929, 0.004079018338727076
552852233901965313, 0.004079018338727076
553566115969105920, 0.004079018338727076
553566214174556160, 0.004079018338727076
553566385105027072, 0.004079018338727076
553566995984437248, 0.004079018338727076
553567072114839553, 0.004079018338727076
553567980354031616, 0.004079018338727076
553568642965979136, 0.004079018338727076
553570156438638592, 0.004079018338727076
553478152983699456, 0.00406605260974193
553703181440786435, 0.00406605260974193
553538244923883520, 0.004056544408486156
553512735192141826, 0.0040453074433656954
553535829017370625, 0.0040453074433656954
553552036915335169, 0.004036966603276282
553214496567590914, 0.003983071944236993
552783667052167168, 0.003964401294498382
552805909425307648, 0.003963030003839614
552806009157464064, 0.003963030003839614
553560292635189248, 0.003955411722402014
553213552337891328, 0.003890850250073551
552792544132997121, 0.003833094593877659
553548306383912960, 0.003833094593877659
553535295111847936, 0.0037980942107155697
553577990060539904, 0.0037980942107155697
553496235320303616, 0.0037756202804746495
553615536354246656, 0.0037630766915029723
553595330009518080, 0.003756725001545977
553258349870206978, 0.0037557485947879404
553552100417110017, 0.0036596800048392464
552800063756709888, 0.003640776699029126
552802770873761793, 0.003640776699029126
553555095317929985, 0.003627063792441446
553559389102026752, 0.0035981945154147507
553559484191092737, 0.0035981945154147507
553008182050947072, 0.0035693889206167904
553008434627362816, 0.0035693889206167904
553541311484014592, 0.003561843870865893
553553247953514496, 0.0035598705501618125
552810800164139008, 0.0035304501323918797
553483798810087424, 0.00352391226177634
553567740104286209, 0.003496301433194637
552798994456674304, 0.003489832391440854
552793899522355200, 0.003451995685005394
552808923707617282, 0.003451995685005394
553486598328041472, 0.003451995685005394
553486812787007488, 0.003451995685005394
553486913970397186, 0.003451995685005394
553487052776693761, 0.003451995685005394
553487150550089728, 0.003451995685005394
553487414409564160, 0.003451995685005394
553487881113989120, 0.003451995685005394
553543395717550080, 0.003451995685005394
553489471413714944, 0.003451995685005394
553489533526765568, 0.003451995685005394
553489581035622401, 0.003451995685005394
553490069609136128, 0.003451995685005394
553490522523070464, 0.003451995685005394
553490860369653761, 0.003451995685005394
553491367159017472, 0.003451995685005394
553503751609143296, 0.003451995685005394
553589181436284930, 0.003451995685005394
553589370721013760, 0.003451995685005394
553589785202544640, 0.003451995685005394
553589976416260096, 0.003451995685005394
553590068271529985, 0.003451995685005394
553591087793967104, 0.003451995685005394
553596772401299456, 0.003451995685005394
553602592828563456, 0.003451995685005394
553476880339599360, 0.0034473054734768544
553005429492445184, 0.0034346949990840814
553008784692756480, 0.0034346949990840814
553577951661273088, 0.0034266133637921186
553579370468474880, 0.0034266133637921186
553757432455770112, 0.0034266133637921186
553591222456291328, 0.0034266133637921186
553552954297692160, 0.003388677829370105
553561410920521729, 0.003375739314808615
553484321848573952, 0.0033739585485092613
552792913910833152, 0.0033710895361380795
553555326125895680, 0.0033189908796704914
552785374507175936, 0.0033036677454153186
552806033585090560, 0.0033036677454153186
552806489363337217, 0.003293222115866721
552808594228670465, 0.003293222115866721
552837806574170113, 0.0032632146709816613
552842838845980672, 0.0032632146709816613
553596198956056576, 0.0032585957195730305
553572054511779840, 0.0032555093234704884
552816020403269632, 0.003236245954692557
552982613288157184, 0.003236245954692557
553476490315431937, 0.003236245954692557
552806661149425664, 0.003202996852418318
552844745647460352, 0.003202996852418318
553009507186393088, 0.0031936637710781807
553553754424115200, 0.003132686084142395
553496857683701760, 0.0031093343486261822
552996335319007233, 0.0030854039822280728
553615750175686656, 0.003082139004469101
552842578539073537, 0.0030592637540453075
553535353790152705, 0.0030495394573064475
553535415073132544, 0.0030495394573064475
553535417555759106, 0.0030495394573064475
553535440821575682, 0.0030495394573064475
553535581586993152, 0.0030495394573064475
553536257670672384, 0.0030495394573064475
553539103879200769, 0.0030495394573064475
552793142693744640, 0.0030458785455929945
552793785747660801, 0.0030458785455929945
552793901866971136, 0.0030458785455929945
552795463850930176, 0.0030458785455929945
553213078889062401, 0.0030458785455929945
553213257943879681, 0.0030458785455929945
553213579672178689, 0.0030458785455929945
553214220364685313, 0.0030458785455929945
553214228488667136, 0.0030458785455929945
553541660408545280, 0.0030424083063646168
552792742842363905, 0.0030366074055394442
552794125167493120, 0.0030366074055394442
552800910670569472, 0.0030366074055394442
553548731690520576, 0.0030366074055394442
553481203886460928, 0.0029126213592233006
553562623200210944, 0.00290063526309481
553009820409024512, 0.0028895053166897826
553496771700477952, 0.0028832009414533686
553597910504714240, 0.0028493035035880116
552803445711708160, 0.0028317152103559872
552804023389392896, 0.0028317152103559872
552804298870910977, 0.0028317152103559872
552804602702475265, 0.0028317152103559872
552846396106502144, 0.0028317152103559872
553554620229115905, 0.002757646200829573
553573926786580480, 0.002755388654820785
553553099470946304, 0.0027508090614886734
553563604117913600, 0.0027346278317152105
553559569163902976, 0.0027346278317152105
553484589277396992, 0.0027340698582747464
553023430443167746, 0.0027169975365889
553477770622533632, 0.002687729691185344
553478941798051841, 0.002687729691185344
555631356286234624, 0.002687729691185344
553109367042887680, 0.0026478375992939097
553110037116502016, 0.0026478375992939097
553111518230106112, 0.0026478375992939097
553115272031113216, 0.0026478375992939097
553116396469510144, 0.0026478375992939097
553132986087268352, 0.0026478375992939097
553471272353402880, 0.0026478375992939097
553471490734039040, 0.0026478375992939097
553472346838007810, 0.0026478375992939097
553473556345290752, 0.0026478375992939097
553474160530587648, 0.0026478375992939097
553484447207923712, 0.0026478375992939097
553542076999409664, 0.002607778548312529
553217937117831168, 0.0025889967637540458
553232132269953024, 0.0025889967637540458
553568091980824576, 0.002576222108669733
553010394327834625, 0.0025639272528374126
553503079216451585, 0.002557678254515085
552793675697094657, 0.0025283171521035598
553565149790224387, 0.0025101651315243547
552996575396765696, 0.0024936826705678943
552997646076739585, 0.0024936826705678943
553004470440058881, 0.0024936826705678943
553042679412436992, 0.0024936826705678943
552786226546495488, 0.0024777508090614887
552789153403109376, 0.0024777508090614887
552790281276628992, 0.0024777508090614887
552792862610694144, 0.0024777508090614887
552943855021330432, 0.0024777508090614887
553555066754695168, 0.002432209692657139
552785375161499649, 0.0024271844660194173
552978099357237248, 0.0024271844660194173
552984502063337472, 0.0024271844660194173
553481697124052993, 0.0024271844660194173
553482001651470336, 0.0024271844660194173
553485100932157440, 0.0024271844660194173
554212158133633025, 0.0024271844660194173
552795124288073729, 0.002353633421594587
552834504520630274, 0.002353633421594587
553513642478813184, 0.0022473930240920533
553513916572381185, 0.0022473930240920533
553514819085946881, 0.0022473930240920533
553516393791238145, 0.0022473930240920533
553820631087988736, 0.0022473930240920533
553535952459952129, 0.0022473930240920533
553536361786277888, 0.0022473930240920533
553536495433580545, 0.0022473930240920533
553541692243316737, 0.0022473930240920533
553551642369753088, 0.0022473930240920533
553542207731662850, 0.002246701518546179
552808630022840320, 0.0022024451636102125
553010804069781505, 0.002193238975318751
553555725084270593, 0.0021515701127351613
553023915963191296, 0.0021416333523700745
553530851091558400, 0.002114347357065804
552793275770613760, 0.0020226537216828477
552793775740055552, 0.0020226537216828477
552794232503951360, 0.0020226537216828477
553481569675911168, 0.001941747572815534
553011245737992193, 0.0018766890201181064
552817849845436416, 0.0018492834026814608
552817939196678144, 0.0018492834026814608
552830099046035456, 0.0018492834026814608
552831971370344449, 0.0018492834026814608
552983715224113152, 0.0018492834026814608
552990796702814208, 0.0018492834026814608
552992417969082369, 0.0018492834026814608
552997008483811328, 0.0018492834026814608
553476849196879873, 0.0018492834026814608
553478083672424448, 0.0018492834026814608
553479876632936448, 0.0018492834026814608
553480808947015680, 0.0018492834026814608
552789345628069888, 0.0018020005884083555
552805269441622017, 0.0016855447680690398
552978184413921281, 0.0016181229773462784
553221600955621376, 0.0016181229773462784
553467311261503488, 0.0016181229773462784
552785851655393281, 0.0014563106796116503
552785877748158464, 0.0014563106796116503
552788073340489728, 0.0014563106796116503
552982992248123393, 0.0014563106796116503
552988724288827395, 0.0014563106796116503
553199352060325888, 0.0014563106796116503
552989544589430784, 0.0014563106796116503
552998100764491776, 0.0014563106796116503
553091815218237440, 0.0014563106796116503
552979232515948546, 0.0010787486515641855
552979530923925504, 0.0010787486515641855
553228413922967552, 0.0010787486515641855
553262052899164161, 0.0010787486515641855
553468547184467969, 0.0010787486515641855
553481000379248640, 0.0010787486515641855
552820020904861696, 0.0
552820369216647169, 0.0
552821964448862208, 0.0
552822896934916096, 0.0
552823413639610368, 0.0
552823602332975106, 0.0
552823786370629632, 0.0
552824157633646594, 0.0
552824458352680961, 0.0
552824703144837121, 0.0
552825451563864065, 0.0
552843131977498624, 0.0
552844115738517504, 0.0
552844388250816512, 0.0
552844898647277568, 0.0
552845366630961153, 0.0
552899463409594368, 0.0
552899871553105921, 0.0
552812681091354624, 0.0
552822711945535488, 0.0
552847695929688064, 0.0
553475874155413504, 0.0
553479115937181696, 0.0
553517016129499136, 0.0
553502308739600385, 0.0
553504464641200128, 0.0
553509881140228096, 0.0
553510940969562113, 0.0
553507511534239744, 0.0
553560075504476160, 0.0
553917277549395969, 0.0
553532083264827393, 0.0
553544839049261056, 0.0
553544976249143296, 0.0
553545137725657088, 0.0
553545602165129218, 0.0
553549163674476544, 0.0
553579053219708929, 0.0
553583640177684480, 0.0
553587304728506368, 0.0
553634193909882880, 0.0
553634446427975681, 0.0
553636135285448704, 0.0