25067168,-0.3550077974796295,-0.8119778633117676
370666310,-0.5192027688026428,0.5974971652030945
1550984940,0.9360237717628479,-0.19787302613258362
993859812,0.48069390654563904,0.7798947095870972
76987535,0.9279794692993164,0.16891998052597046
33668152,0.08387232571840286,-0.8317564129829407
1867323613,-0.7995240092277527,-0.37121349573135376
16973333,0.5220662355422974,-0.7014505863189697
18770158,0.4014188051223755,-0.7291551828384399
593253537,0.3465539515018463,-0.36783164739608765
54727574,0.2601548433303833,-0.06369277089834213
1610238266,0.3758533000946045,-0.7442283034324646
2097571,-0.7438709139823914,0.5841967463493347
359881870,-0.47139671444892883,0.46552976965904236
2406682561,-0.21243418753147125,0.30248236656188965
88953653,-0.2759619951248169,0.36823830008506775
36442545,0.13092869520187378,0.34235793352127075
28292289,-0.23570755124092102,0.46263939142227173
2828201097,-0.6595938205718994,0.33976706862449646
2962357869,-0.48884063959121704,0.7231519818305969
468588961,-0.31789857149124146,0.4815589487552643
2727678915,-0.43946897983551025,0.6908345222473145
2881719169,-0.6853469014167786,0.6728997826576233
1935743647,-0.5975598692893982,0.39348939061164856
2744496728,-0.7729880809783936,0.4582115411758423
2952261055,-0.46991220116615295,0.6413418054580688
1925315930,-0.369408518075943,0.28481942415237427
223382695,0.08502796292304993,0.5092814564704895
33827440,-0.46438533067703247,0.6743345856666565
2919525786,-0.4032364785671234,0.26382067799568176
1243916652,-0.504904568195343,0.6699134111404419
538601381,0.8740143775939941,-0.12901045382022858
87818409,-0.10495195537805557,-0.8500311374664307
14315937,-0.024178393185138702,-0.4639135003089905
19921624,0.11626366525888443,-0.5392523407936096
94323249,0.09867093712091446,-0.46096524596214294
254953689,0.10239885747432709,-0.36855053901672363
20064015,0.19393502175807953,-0.7177526354789734
30205212,-0.2387876659631729,-0.5467594861984253
49102516,-0.48943179845809937,0.8379073739051819
29209261,-0.2515667974948883,-0.7900395393371582
322703767,-0.09875177592039108,-0.4294988811016083
2496651422,-0.12904269993305206,-0.5883407592773438
70352340,-0.2903134822845459,-0.7496334314346313
22414818,0.09407944977283478,-0.505089521408081
547651065,0.11442781984806061,-0.8237362504005432
141508403,0.12839406728744507,-0.7513564229011536
51806835,0.05452326685190201,-0.8879574537277222
2464502209,-0.36897239089012146,0.8878430128097534
56917394,-0.8093401789665222,0.42539507150650024
90181058,-0.8008957505226135,0.308188259601593
18345755,0.4615389406681061,-0.6276823878288269
2887851225,0.40112343430519104,0.2921477258205414
1651027262,0.3473706841468811,-0.019631998613476753
21527503,0.4007352888584137,-0.8168239593505859
31694460,-0.008686344139277935,-0.5464442372322083
443899044,0.5601842403411865,0.18363705277442932
236537745,0.5668973326683044,0.13686130940914154
2406528461,0.49001213908195496,0.2685644030570984
258003948,0.1456460803747177,-0.36975207924842834
584977551,0.4319297671318054,-0.5012544989585876
25472797,-0.37842902541160583,-0.7858180403709412
868112707,0.15746955573558807,0.8594765067100525
202568095,0.29134511947631836,0.9720699191093445
1100855744,0.5685551762580872,-0.6234884858131409
72588786,-0.3166361153125763,0.5966518521308899
153132339,-0.4485324025154114,0.38565269112586975
102579213,-0.0669943317770958,0.6393751502037048
526226529,0.7748293280601501,0.5969477891921997
1092729763,-0.8101329803466797,-0.32011207938194275
2484630409,0.3486005365848541,-0.8544370532035828
1994321,-0.38322240114212036,-0.7079062461853027
56680629,-0.25789308547973633,-0.39213040471076965
722495167,-0.42502886056900024,0.001244883518666029
122294990,-0.07151849567890167,0.1366441249847412
43679281,-0.09384915977716446,-0.26734837889671326
1270339064,0.17480166256427765,-0.8824248313903809
2153574327,-0.3630113899707794,-0.4102327525615692
2203942282,-0.5151494741439819,-0.6406247615814209
125025920,0.9370543956756592,0.2812340259552002
2649991,0.901476263999939,0.37126845121383667
361062854,0.5711191296577454,0.13096466660499573
2774516734,0.5794495940208435,0.44435471296310425
300136686,0.802930474281311,0.21784186363220215
405174559,0.5298649668693542,0.2649563252925873
38551917,0.5988984107971191,0.2835840582847595
16343974,0.332898885011673,-0.7781376242637634
182006778,-0.3118187189102173,0.8461564779281616
1435073588,-0.5795648097991943,-0.6491066813468933
101445204,-0.08524010330438614,0.8571466207504272
95191831,0.21265162527561188,-0.3662959635257721
2461887810,0.5527857542037964,-0.7585275769233704
2907646738,-0.9190198183059692,0.12167827039957047
34899435,0.3376270830631256,-0.22566065192222595
76702224,0.3292748034000397,-0.4340358376502991
2753139956,0.42293781042099,-0.813045859336853
398103679,0.37906911969184875,-0.2517814636230469
268422365,0.5238819122314453,-0.5790531635284424
428333,-0.7360549569129944,0.4586356282234192
540903074,-0.046368274837732315,-0.09425947815179825
46363353,-0.45871827006340027,0.4827352464199066
2295911619,-0.29063060879707336,0.19301597774028778
253471213,-0.10968229174613953,-0.12470054626464844
22583725,-0.3905227482318878,0.20239593088626862
13002422,-0.277946412563324,0.32210037112236023
2957564108,-0.4677567183971405,-0.06456449627876282
2707815410,-0.8300013542175293,0.21912822127342224
287183523,-0.5537930130958557,0.14770421385765076
2762702188,-0.5656659603118896,0.09471558034420013
567039350,-0.6962593197822571,0.6340646147727966
197351686,-0.514177143573761,0.10432284325361252
150111340,-0.5845464468002319,-0.14567618072032928
2926384805,-0.5779638290405273,0.1849251389503479
372464674,-0.5018107891082764,0.5064866542816162
25777686,-0.45128050446510315,0.19833436608314514
2153036188,0.7947858572006226,0.35444170236587524
384390216,0.7270378470420837,0.34152862429618835
2886586060,-0.3173297941684723,-0.8245717287063599
21749564,0.09630624949932098,0.08336199074983597
19898890,-0.18267987668514252,0.1659831702709198
27572392,-0.17254751920700073,-0.13223114609718323
22246016,-0.14028313755989075,0.1031174510717392
805884044,-0.08205626904964447,0.30372828245162964
164131639,-0.10412866622209549,0.1071852594614029
262345797,0.9568189978599548,0.1194782704114914
2230258634,0.9127717018127441,0.20589299499988556
21525006,0.5331354141235352,0.1449051946401596
226350650,-0.1277645379304886,0.11341019719839096
237617005,-0.24834111332893372,0.10017187893390656
2943604810,0.7346460819244385,0.04564391449093819
2695178941,0.9299017190933228,0.12859255075454712
324908191,-0.5143743753433228,-0.6823462247848511
226475070,-0.09086934477090836,0.12561258673667908
2449698240,0.731486439704895,0.0750279501080513
1332220207,-0.6884172558784485,-0.4275211691856384
110314533,-0.02536066249012947,0.2811565399169922
79756310,0.6672670245170593,0.5157207250595093
1662944101,0.7128103375434875,0.49079933762550354
15754281,-0.01407370250672102,-0.8620316386222839
2894958605,0.1925530731678009,-0.707768976688385
575857218,-0.896075963973999,0.19299718737602234
215794445,-0.18298931419849396,-0.6901116371154785
2311197780,-0.8911253809928894,-0.20648406445980072
1596060386,-0.1408747434616089,-0.37264284491539
16538186,0.15549349784851074,-0.4102182984352112
473009843,-0.3047415316104889,-0.7833018898963928
2846816373,0.11099141836166382,-0.8252561092376709
139238453,-0.6811187863349915,-0.4946506917476654
592214012,0.9537777900695801,-0.10790109634399414
2373783968,-0.45385292172431946,-0.6753548979759216
64643056,0.8455354571342468,-0.31063660979270935
181681493,0.9119417071342468,-0.18740342557430267
43462866,0.2597295641899109,-0.5495559573173523
29577416,0.6271467208862305,-0.4600430130958557
191947594,-0.5483448505401611,-0.6198720335960388
2351339382,0.6551386713981628,-0.3206338882446289
256358298,0.3654342293739319,-0.2539171278476715
2217457444,0.7401440739631653,-0.49052131175994873
1159932996,0.8361146450042725,-0.11042238026857376
300602089,0.6049465537071228,-0.3886040151119232
2582045087,0.40499407052993774,-0.20257215201854706
480147479,0.7172878980636597,-0.04277705401182175
118826051,0.5513191223144531,-0.0500730462372303
588149845,0.913516640663147,-0.21695445477962494
112947311,0.8423839807510376,-0.15983839333057404
2302890619,0.3639174699783325,-0.043038368225097656
430625413,0.7673057317733765,-0.37766599655151367
361135947,-0.5716517567634583,-0.7362270951271057
414653470,0.12282247096300125,-0.8503532409667969
3108351,-0.354470819234848,-0.7140170335769653
266554539,-0.1768375188112259,-0.37390708923339844
22342990,-0.29532602429389954,-0.31593191623687744
2669987066,0.7334851622581482,0.7345965504646301
2584501496,-0.22769664227962494,-0.8142184615135193
16161856,-0.22801506519317627,-0.2854052186012268
38699733,-0.12273317575454712,-0.39808738231658936
2880026929,-0.7149038910865784,-0.2402401715517044
2257552586,-0.4116729497909546,-0.7945958375930786
790772725,-0.4555101990699768,-0.5189938545227051
30148992,-0.13387584686279297,-0.6938232183456421
200641413,-0.30918359756469727,-0.20926888287067413
966066764,-0.1413610428571701,-0.2632250487804413
392739061,-0.20977647602558136,-0.7405803203582764
385867775,-0.2569589912891388,-0.2593185603618622
286528561,-0.17269735038280487,-0.767739474773407
2205121861,0.027659611776471138,0.9751548171043396
34262462,0.7474533319473267,-0.48734843730926514
291973500,-0.9000582098960876,0.209372878074646
2461872043,0.30271217226982117,-0.2682238817214966
2552587040,0.5759302973747253,-0.6278337836265564
42569338,-0.2506360411643982,0.90208899974823
2898598594,0.45924901962280273,-0.7947244644165039
1653834024,-0.5375847816467285,0.7233837842941284
2324261167,0.8265648484230042,-0.5001730918884277
77425319,0.11323634535074234,-0.6746019721031189
122800020,0.8822742104530334,-0.2853794991970062
174253648,0.6799771785736084,0.8198486566543579
51363820,-0.009340987540781498,-0.7956660985946655
1639658936,0.02614944986999035,-0.8785074949264526
395255891,-0.8037349581718445,0.11923698335886002
185340055,-0.24414047598838806,-0.7874661087989807
2176645622,-0.6336740255355835,0.7672789692878723
271413771,-0.8187674283981323,-0.19575850665569305
558772900,-0.5884695649147034,0.7467385530471802
63705191,0.8665566444396973,0.3346887230873108
538417570,0.42408350110054016,0.7123809456825256
2453073078,0.31042250990867615,0.7003613710403442
395970571,-0.005248996429145336,-0.8827592134475708
16179703,0.5797351002693176,-0.6003314256668091
2942094500,-0.4019837975502014,0.8176828622817993
872508648,0.4076026678085327,-0.7068540453910828
346733298,0.8006168007850647,-0.4128446578979492
1584013315,0.8540992140769958,-0.2959911823272705
346163692,0.8590537905693054,-0.46670353412628174
798217951,-0.23124125599861145,-0.7679140567779541
2830933580,-0.8791235685348511,0.24340789020061493
2609283960,-0.7019282579421997,-0.5329914689064026
55135128,-0.05590347945690155,-0.8805199861526489
2841464808,0.20768561959266663,0.9757179617881775
22521283,-0.8266242146492004,0.16724388301372528
1004153972,-0.877991259098053,0.06411664932966232
757345172,0.08714328706264496,0.5980430245399475
2157975905,0.11218536645174026,0.8388772010803223
372502604,0.2932864725589752,-0.8513383865356445
2164830257,0.9400023818016052,-0.058140188455581665
1536797588,0.31477174162864685,0.8670164346694946
332969934,-0.8916289806365967,0.11144355684518814
195229666,0.15911178290843964,-0.7715086340904236
14723131,-0.15799754858016968,0.9707195162773132
268959309,-0.6080635786056519,-0.5326775312423706
462304626,-0.03742612525820732,-0.1340745985507965
244108572,0.7979418039321899,-0.0378524512052536
2742669599,0.41438356041908264,-0.3307587802410126
2409045720,0.6405084729194641,-0.43718042969703674
2409013237,0.9449945092201233,-0.08699281513690948
2284678018,0.9130058288574219,-0.1597362607717514
1494243667,0.8363553285598755,-0.02767491526901722
448836862,0.39115267992019653,-0.1463507115840912
2875761863,0.8746470212936401,-0.22336013615131378
2841533735,0.7652510404586792,-0.02864125370979309
1131136735,0.4139193892478943,-0.2741905748844147
83794329,0.9116299152374268,-0.10142819583415985
431745600,0.6992761492729187,-0.09506776928901672
66612236,0.7581952214241028,-0.06303053349256516
2712856529,0.6893205642700195,-0.027320584282279015
548739797,0.3634776473045349,-0.22253070771694183
551551599,0.22921213507652283,0.8491308093070984
73043514,0.48911458253860474,-0.35668349266052246
2453432296,0.7433328032493591,-0.08699202537536621
1240917696,0.47281980514526367,-0.31544846296310425
21497824,0.9338098764419556,-0.11077608168125153
136909997,0.24637070298194885,-0.2868405282497406
274955258,0.6154740452766418,-0.4137132465839386
2782190170,0.3083283305168152,-0.13159649074077606
1662150878,0.29309332370758057,-0.48736852407455444
2370908751,-0.14578469097614288,-0.23415051400661469
1215196814,0.4130498468875885,-0.24027223885059357
131395119,0.843244194984436,-0.4234525263309479
74747435,0.07836506515741348,-0.2957056164741516
1093360003,0.8480062484741211,-0.0486665815114975
236684588,0.9254196286201477,0.34594231843948364
1348798826,0.45758238434791565,-0.7863943576812744
15164565,0.22911487519741058,-0.8195992708206177
2804811358,-0.902428388595581,-0.13780617713928223
173514323,-0.09312772005796432,0.9522677659988403
75205739,0.41412532329559326,-0.7519188523292542
996952393,-0.7158241271972656,-0.5917888283729553
256442158,0.9035548567771912,-0.24987632036209106
840766664,0.030794093385338783,-0.5478036999702454
615500906,0.08979339152574539,-0.808357834815979
2185942319,-0.7147672772407532,-0.4138055443763733
19572390,0.005963568110018969,-0.7301443815231323
631159292,0.028726117685437202,-0.8029041290283203
2334005558,-0.7772767543792725,-0.20210814476013184
33923271,0.2814900279045105,-0.45785874128341675
705500738,0.021571263670921326,-0.5862913131713867
16221997,-0.19187961518764496,0.9556673765182495
212369763,0.47973644733428955,0.8204757571220398
189654054,0.874433159828186,-0.07357044517993927
2215514245,-0.6612700819969177,0.6068588495254517
352953768,0.46500474214553833,-0.27479681372642517
20159596,0.57088702917099,-0.7065234184265137
266309584,0.8019698262214661,0.5195022225379944
240028072,0.6131904721260071,-0.5172425508499146
251459764,-0.24338795244693756,-0.816021740436554
79603514,-0.13801972568035126,-0.8336037993431091
23696709,-0.6693400740623474,-0.6435906887054443
341255294,-0.8212284445762634,-0.13752004504203796
380648579,0.2276657521724701,0.9782071709632874
102452887,0.21134863793849945,0.46656155586242676
579504493,0.07553479820489883,0.9512857794761658
1150376528,0.36575430631637573,0.6723981499671936
32272710,0.8074926137924194,0.5090999007225037
47124097,0.5643643140792847,0.3913010358810425
2686106365,0.45583757758140564,-0.3865068256855011
2842650084,0.7239552736282349,0.4492170810699463
404393063,0.5228028893470764,0.3349086046218872
81714813,0.4026595652103424,-0.3299838900566101
607656892,0.1920066475868225,0.95106041431427
14173315,-0.23165565729141235,0.3176901638507843
44970758,-0.45979800820350647,-0.021459609270095825
116273024,0.9112045168876648,-0.22999614477157593
2915660732,0.32449692487716675,0.02367548458278179
2184465216,0.5302049517631531,-0.7652153968811035
37183987,-0.6385512351989746,-0.5738276243209839
51578079,-0.6293309926986694,-0.520967423915863
2735655330,0.2217552810907364,0.7974836826324463
179732982,0.43420669436454773,0.9402480721473694
81672110,-0.3009900152683258,0.9374163746833801
1562935142,0.7625457644462585,0.666506826877594
409460802,0.8929206132888794,0.11166033893823624
89929611,-0.5404866337776184,0.6648452281951904
2180155964,0.7772178053855896,-0.4781557619571686
18952983,0.14851556718349457,0.9962117671966553
404750664,-0.4169919192790985,0.8826567530632019
302205765,0.41475963592529297,0.5909813642501831
413339220,0.41111093759536743,0.6941977739334106
16744227,0.8458747863769531,0.5544596910476685
2515377882,-0.5865349769592285,0.8071516156196594
21679976,-0.6237738728523254,0.6024417877197266
21078743,-0.5801830291748047,0.7529634833335876
2654842970,0.4734525978565216,0.5851647257804871
1540484833,0.4472251534461975,0.5320497155189514
2517335123,-0.8995642066001892,0.1493273824453354
15780691,-0.7520675659179688,0.5352923274040222
40029929,-0.12447553873062134,0.9584817290306091
465046002,0.37787044048309326,-0.3174491822719574
28785486,0.6779322624206543,-0.6768069863319397
139491591,0.30041325092315674,-0.22693677246570587
712468253,0.4174909293651581,-0.4373495280742645
400434619,0.46706318855285645,-0.3440976142883301
460738493,0.29532161355018616,-0.3914732336997986
20845597,0.31905800104141235,-0.21238259971141815
2439538555,0.38514581322669983,-0.6358484625816345
2760665943,0.722501814365387,-0.5931084752082825
518201306,0.7785852551460266,-0.5364629626274109
56666374,0.6892557740211487,0.6224081516265869
7587032,0.06691258400678635,-0.857086181640625
422552416,0.18742498755455017,-0.4826846718788147
1495284030,-0.3485012650489807,-0.14704668521881104
41187181,-0.038089629262685776,-0.6336377859115601
214462611,-0.2818135619163513,-0.4478306770324707
1204397358,0.2257002890110016,-0.42994725704193115
1911832471,0.009697908535599709,-0.39548516273498535
2958552807,0.2220873236656189,-0.6676514744758606
1887260479,0.28488993644714355,-0.792458176612854
211384657,-0.11569539457559586,-0.7245955467224121
449157548,0.22787001729011536,-0.8267391324043274
174365756,-0.1179986298084259,0.1290307343006134
2817299007,0.1201663538813591,-0.7137725949287415
2241324176,0.03235505893826485,-0.474012553691864
23524864,0.39884790778160095,0.8136916756629944
2403111176,0.944257915019989,-0.09101362526416779
200889383,0.013194471597671509,-0.7920647263526917
539104576,-0.22447288036346436,-0.8581308722496033
4239551,-0.41257259249687195,0.7771152257919312
14233285,-0.5844406485557556,-0.6069994568824768
269557216,-0.06778036803007126,0.9730337858200073
129311082,-0.09584996849298477,-0.08458644896745682
458328611,-0.4284224510192871,-0.12868967652320862
89964115,-0.022712120786309242,-0.6329613327980042
15300487,0.2808232009410858,-0.6588500738143921
35804894,0.7366364002227783,-0.5781185030937195
1209245539,0.6353603601455688,-0.5806572437286377
252448322,-0.8956820368766785,-0.07763804495334625
169620752,-0.6318217515945435,-0.652576208114624
19872788,0.4970933198928833,-0.32534098625183105
264862915,0.5987205505371094,-0.6036219000816345
209006288,0.8344669342041016,-0.2754022479057312
1028764352,0.19295018911361694,-0.8320317268371582
338541420,-0.773431122303009,-0.5124298334121704
17406763,0.3185843527317047,-0.6440881490707397
11856882,0.4085046052932739,-0.7526082992553711
336002124,-0.8265225291252136,-0.38282209634780884
438235670,0.6268106698989868,-0.639083206653595
131151891,0.3198537826538086,-0.19747237861156464
17652921,0.13101795315742493,-0.26150768995285034
295720763,-0.16148152947425842,0.040341127663850784
901448065,0.3455815017223358,-0.7268381714820862
2189084134,0.6623635292053223,-0.5268097519874573
123217844,-0.7866055965423584,0.2509525716304779
1897951344,0.29422181844711304,-0.20542876422405243
2274722621,0.15180028975009918,-0.43439623713493347
127496158,0.4255518913269043,-0.44350263476371765
182298599,0.5214937925338745,-0.4490200877189636
1543095236,0.2966466546058655,-0.605485200881958
561310857,0.5531079173088074,-0.3707464933395386
563147998,0.6228931546211243,-0.6891742944717407
104863726,0.47675779461860657,-0.3542986810207367
618811816,-0.843431293964386,0.4211310148239136
295826471,0.4024702310562134,0.9347823262214661
6017542,-0.702499270439148,0.4906313419342041
2857575721,-0.4909813702106476,0.558617353439331
589718517,-0.7668873071670532,0.5018528699874878
176853382,-0.26631346344947815,0.399306058883667
2178953859,-0.23913878202438354,0.8633198142051697
81260589,-0.3841215968132019,0.5185747146606445
1336642830,-0.535047173500061,0.6111748814582825
1136640559,-0.5107219815254211,0.26103851199150085
262293426,-0.7257954478263855,0.22111520171165466
2779009591,-0.25756973028182983,0.9360923767089844
2459596554,-0.25804322957992554,0.45173579454421997
25201206,0.4439542293548584,-0.7804676294326782
742143,-0.9025896191596985,0.2154472917318344
2835404948,-0.6841825842857361,0.3439086675643921
352064833,-0.4389462172985077,0.07980304956436157
857330720,0.42678380012512207,0.8336517214775085
2231401623,-0.5845175981521606,0.38862520456314087
2412273459,-0.7946088314056396,0.0367506742477417
1503342588,-0.46414652466773987,0.1923515349626541
797194555,-0.8425470590591431,0.4256807267665863
1002255540,-0.391184002161026,0.30770179629325867
68720707,-0.8203783631324768,0.10174179077148438
2503331,-0.8461737632751465,0.3302259147167206
330118063,-0.7801643013954163,-0.02881256677210331
610165606,-0.35432714223861694,0.26267480850219727
2965280221,-0.39097729325294495,0.21487952768802643
21498505,-0.8076341152191162,0.42897430062294006
1062791150,-0.5499114394187927,0.11227849870920181
2951968857,0.15104559063911438,0.9233223795890808
560374994,-0.6885519623756409,0.6333720684051514
962239778,-0.8689518570899963,0.40939441323280334
2750309806,-0.8113401532173157,-0.03551413491368294
95148130,-0.043989915400743484,0.9116435647010803
28521711,-0.4123561680316925,-0.6583302021026611
14138785,0.20891571044921875,-0.8186598420143127
1196838541,-0.21918585896492004,-0.4627265930175781
518651331,-0.7349449992179871,0.05793768912553787
85761585,0.18296371400356293,-0.4844512641429901
2722429967,0.9402441382408142,-0.13355422019958496
121045694,-0.08489526808261871,-0.5635096430778503
38133247,0.8649474382400513,0.039487797766923904
23189508,-0.0197029747068882,0.6295750141143799
532007000,-0.4108832776546478,-0.03814287483692169
58341062,-0.7998758554458618,0.5836046934127808
150345163,0.7919084429740906,-0.5754504799842834
176956930,0.8860806226730347,0.43914279341697693
1424071273,0.8813015222549438,-0.41401079297065735
2617194469,-0.3816409707069397,-0.012248425744473934
127836912,0.3166952431201935,0.012097978964447975
18717465,-0.1951323002576828,0.30136969685554504
16273700,-0.2173779457807541,0.20193696022033691
426354646,-0.6140469908714294,0.6040952801704407
30719601,0.41151612997055054,0.3593054711818695
15438913,0.5974583625793457,0.49476101994514465
16090877,0.387212336063385,0.6073839068412781
2237207690,0.47245144844055176,0.05836169049143791
180961394,0.33575645089149475,0.16406145691871643
29964202,0.4955902397632599,-0.7806310057640076
2941652236,0.5213344693183899,0.08793151378631592
334136215,0.2921020984649658,0.3975866734981537
609355875,0.4552561342716217,-0.1264246255159378
39871064,-0.5198325514793396,0.8082823157310486
249221120,-0.09272275865077972,-0.6998836994171143
213479625,0.8150299191474915,0.45746910572052
1367531,-0.7438387274742126,-0.49217215180397034
1369778664,-0.4843204915523529,-0.508921205997467
2560120714,-0.4259227514266968,-0.1577860414981842
491817984,-0.5586666464805603,-0.34552016854286194
2444514337,-0.47736117243766785,-0.13471531867980957
28863975,-0.41255828738212585,-0.18943817913532257
221046735,-0.6921001672744751,-0.2518758177757263
22585606,-0.6739122271537781,-0.16354665160179138
24786780,-0.5257554054260254,-0.5248497128486633
1160280464,0.5739166736602783,-0.7002995610237122
14293310,0.45521003007888794,-0.6400462985038757
2808218208,0.4786953926086426,-0.3980662524700165
1518883244,0.15397974848747253,-0.6250272989273071
2936694741,0.21071957051753998,-0.6879429817199707
2945865278,0.22141896188259125,-0.7349302768707275
400195162,0.1154356300830841,-0.6035860180854797
5402612,-0.8914703726768494,0.0522744357585907
765941791,-0.9019954204559326,-0.010959342122077942
1600937988,0.622515857219696,0.6642128229141235
94107710,-0.5329594016075134,0.0657658502459526
557764791,-0.5714612007141113,0.17241764068603516
20282201,-0.5177928805351257,0.21515025198459625
115977507,0.9092777967453003,-0.16962113976478577
26849753,-0.7909221649169922,0.04089508578181267
18454415,-0.8538724184036255,-0.17463558912277222
190988390,-0.7431685328483582,0.000665887666400522
103348497,-0.33977213501930237,0.9118921756744385
296070902,-0.710823655128479,0.17559516429901123
410941069,-0.4600341022014618,0.16970233619213104
22058808,-0.8786106705665588,0.24883542954921722
2248861878,0.4513936936855316,0.8779317736625671
2355289178,0.9637721180915833,-0.040178705006837845
147787443,-0.8155722618103027,0.2280014455318451
286112742,-0.7457210421562195,0.0187742467969656
16545567,-0.4905650019645691,-0.1308678835630417
2969472993,0.9046845436096191,-0.2754633128643036
263912528,0.4672483503818512,-0.1490938812494278
258666879,0.867151141166687,-0.11996792256832123
336105168,0.7517374157905579,-0.14205467700958252
1401723518,0.7972441911697388,-0.12381426990032196
360973161,-0.34189096093177795,-0.30726850032806396
73683739,-0.5398861765861511,-0.6217435002326965
2951935810,0.8106238842010498,-0.3704073131084442
59456108,0.8856837749481201,-0.05799666792154312
1627753237,0.41204026341438293,-0.007453106343746185
1173106255,0.3816191256046295,-0.07411214709281921
620885638,0.3438323140144348,-0.0503321997821331
239552078,0.6507986187934875,-0.15194402635097504
1332753127,-0.632524311542511,-0.5128520727157593
562236448,0.24014467000961304,-0.5419453978538513
2729860567,0.5932042002677917,-0.03151719272136688
626361745,0.8641778230667114,0.39777761697769165
291076313,0.6320518255233765,-0.3744141161441803
2758058493,0.5821329355239868,-0.003730896394699812
315957263,0.48634427785873413,-0.39446184039115906
65607742,-0.5148016214370728,0.7012955546379089
516531920,-0.38338929414749146,0.6436854600906372
132613108,-0.574411928653717,0.5747230648994446
97573405,-0.41371071338653564,0.4501182734966278
2940041869,-0.5810719132423401,0.6532436609268188
2941036010,-0.3709655702114105,0.5241151452064514
269121169,-0.2734922766685486,0.5318576097488403
2756896089,-0.4075237512588501,0.5954118371009827
2848372747,-0.3623823821544647,0.6114938855171204
598736463,-0.41772958636283875,0.664402961730957
2415037446,-0.44764837622642517,0.27334120869636536
2930855725,-0.6978891491889954,0.34511324763298035
172772700,-0.6402645111083984,0.3037939667701721
1267436599,-0.5636929869651794,0.4264368712902069
37191569,0.8520632982254028,-0.3600304424762726
23153001,-0.7645003199577332,0.2193666249513626
544973485,-0.9119381904602051,0.14906145632266998
2783210830,-0.5171645283699036,-0.13469627499580383
415836706,-0.8626114130020142,-0.026645302772521973
21886391,-0.7518483400344849,0.18646885454654694
2385431253,-0.7467723488807678,-0.16434408724308014
20457003,-0.4747810661792755,-0.16182751953601837
2460352694,-0.7064232230186462,0.23346175253391266
78970329,-0.3414815068244934,-0.03382762148976326
281412221,-0.5197527408599854,-0.06344063580036163
2756178532,-0.6824973225593567,-0.15467451512813568
2283194563,-0.6813629269599915,-0.07787371426820755
2218326164,-0.4027748703956604,-0.07148430496454239
999907196,-0.4152867794036865,0.19160552322864532
2963069700,-0.8332170248031616,-0.2013060301542282
117789874,-0.5799944996833801,-0.12173789739608765
1193802997,-0.6737033128738403,0.16080431640148163
282734379,-0.7898771166801453,-0.2042808085680008
28565698,-0.7306925654411316,0.25430142879486084
2358079231,-0.8610754609107971,0.052531421184539795
181935023,-0.5376187562942505,0.8342083096504211
123390762,0.3701286017894745,0.9349941611289978
32165285,-0.4760282635688782,0.3415014445781708
1663103508,-0.34988799691200256,-0.06371807307004929
1340721432,-0.3299647569656372,0.08936584740877151
2690842873,-0.15011480450630188,0.15603959560394287
17366667,-0.405490905046463,0.8524741530418396
324658179,-0.3467980921268463,0.5925452709197998
1563925562,0.24844616651535034,0.9342039227485657
556180021,0.8767905235290527,-0.32851192355155945
112040405,0.6986801028251648,0.762985110282898
2344678944,-0.7656136751174927,0.3815672993659973
2417374160,0.6469131708145142,-0.5316255688667297
87416722,-0.7691510915756226,0.24231688678264618
245308008,-0.7956887483596802,0.021293744444847107
309142386,-0.5308910608291626,0.38722360134124756
146199428,-0.3817999064922333,0.02352111041545868
526197032,-0.48284706473350525,0.3728623688220978
45953887,-0.802886426448822,0.0909312516450882
51241574,-0.0899016410112381,0.20439405739307404
2666466445,0.27537432312965393,0.2022419571876526
26682251,0.18214194476604462,0.2966999411582947
268866184,-0.3699338734149933,0.43226706981658936
2462310905,0.25894027948379517,0.1409904658794403
133353171,0.17574183642864227,0.2354671061038971
479844427,0.13453832268714905,0.26446405053138733
57040956,0.19574135541915894,0.0010958072962239385
1483942572,0.072298564016819,0.3619973063468933
102935384,0.022449325770139694,0.38982847332954407
1590983792,0.08487799763679504,0.041382722556591034
1061029789,0.24219317734241486,0.23070602118968964
32365573,0.2529122531414032,0.06928858160972595
435378855,0.06639057397842407,0.32340383529663086
71277067,0.19701218605041504,0.21924988925457
289981406,0.8069808483123779,-0.40332284569740295
199601800,0.08592469990253448,0.14910726249217987
474309032,-0.011017261072993279,0.3914993405342102
455844579,0.053450312465429306,0.3760283887386322
2763525809,0.21055643260478973,0.09446724504232407
2432870707,-0.3667363226413727,0.14854268729686737
310265421,0.828369140625,-0.3376060724258423
2654320636,-0.45322224497795105,-0.0008371503790840507
235865079,-0.5588065981864929,0.008280821144580841
2960490339,-0.37458038330078125,0.18323950469493866
24282590,-0.5713316202163696,-0.032131094485521317
1437948078,-0.42032599449157715,0.21573106944561005
2898256383,-0.5258713960647583,0.35341891646385193
264125211,-0.40748825669288635,0.00023603197769261897
155187280,-0.7966567277908325,0.3978729248046875
1201839704,0.6795446276664734,0.7290430068969727
2534441287,0.04138600081205368,0.5793491005897522
1009250149,0.8115275502204895,0.6268908381462097
21962518,-0.3591938018798828,0.5475026369094849
168491473,0.37459689378738403,0.8859310746192932
14942242,-0.6331853270530701,0.6843980550765991
15136484,0.025431131944060326,0.9112566709518433
79260733,-0.46727511286735535,-0.727569580078125
47101500,0.45570996403694153,0.7231495976448059
257976104,0.5156230926513672,0.8612183928489685
225465923,-0.04687444865703583,-0.5425775647163391
2304823267,0.7334136962890625,0.7090182304382324
988288520,0.0909033715724945,0.9848836660385132
10929352,-0.4611200988292694,0.3750234842300415
2879347021,-0.05116333067417145,0.5396794080734253
1173297186,-0.028036490082740784,0.8032721877098083
2163152038,-0.6364026069641113,0.43423548340797424
34126592,0.18000857532024384,0.2634161114692688
249362999,0.10190227627754211,0.3087638318538666
22336731,0.2109498530626297,0.2570430338382721
18945060,0.16244396567344666,0.20311908423900604
123622674,0.006043627858161926,0.34260988235473633
34149316,0.23724700510501862,0.04852740094065666
26502740,0.9320682883262634,0.06125845015048981
1108499101,0.13476186990737915,0.348917692899704
183767935,0.56755131483078,0.8697969913482666
14357925,0.276648610830307,0.17018741369247437
61169372,0.032127220183610916,0.35453933477401733
2717034139,-0.7772254347801208,-0.25435203313827515
22115327,-0.7946653962135315,0.38935306668281555
747822822,0.4350363612174988,-0.5684483051300049
716425710,0.5437371730804443,-0.2994108498096466
194659403,0.48531249165534973,-0.2823702096939087
54963857,0.5351980328559875,-0.3708769381046295
416161639,0.3301592767238617,-0.7229054570198059
532162352,0.5140833258628845,-0.2964003086090088
470541011,0.6704677939414978,-0.5239948034286499
382810104,0.2534072697162628,-0.6253939867019653
95088481,0.18856355547904968,-0.5104706287384033
17719208,0.5177626609802246,-0.6357579827308655
305781062,0.6216973662376404,-0.5115817189216614
197083089,0.6135910749435425,-0.43394917249679565
18198948,-0.7274609804153442,0.46966972947120667
981120547,-0.6242428421974182,-0.2416197955608368
27345147,-0.3625357747077942,-0.46842584013938904
21622781,0.6486712098121643,0.8142536878585815
271875446,-0.5176138281822205,-0.11973914504051208
1715176734,-0.4120539426803589,-0.20848551392555237
140739842,-0.45286667346954346,-0.1637856811285019
424455969,-0.5752537250518799,-0.17912599444389343
1017134550,-0.3251872956752777,-0.09748782217502594
1199105660,-0.612710177898407,-0.26943185925483704
424003023,-0.4601525366306305,-0.5160796642303467
585310614,-0.829412043094635,-0.37071824073791504
181057672,-0.24902480840682983,-0.2447155863046646
223637055,-0.30487677454948425,-0.10953205078840256
2889833692,-0.5942017436027527,0.6546816825866699
25049056,-0.23954634368419647,-0.49072685837745667
9651232,-0.47370484471321106,-0.6826391220092773
558611439,-0.2752731442451477,-0.31425151228904724
2943149674,-0.024739723652601242,-0.5234435796737671
2788050343,-0.47519612312316895,-0.5981951355934143
57184966,-0.1874115914106369,-0.6668804883956909
56473202,0.47519105672836304,0.9370065927505493
718294442,0.40205898880958557,0.8398153781890869
36096153,0.5493484139442444,0.10773834586143494
62685868,0.21296127140522003,0.5077316761016846
15468048,0.9540573954582214,-0.1576482653617859
413366295,0.3374224901199341,0.48979058861732483
2572473144,-0.2983924150466919,0.8678900599479675
97464597,0.42378106713294983,0.42816346883773804
1890518983,-0.4022180736064911,-0.7022767663002014
126001292,-0.6695237159729004,0.5724090337753296
226997507,0.46013814210891724,-0.21024344861507416
217978608,0.47739821672439575,-0.10281141102313995
114872619,0.8231132626533508,-0.0807403028011322
702591266,-0.3372442424297333,0.8170427083969116
1726319492,0.6584556698799133,0.027054473757743835
301510626,0.7845691442489624,0.22020402550697327
238413353,0.3961457908153534,-0.35187089443206787
2262897560,0.4671865999698639,0.028332341462373734
2600621242,0.636734664440155,0.002645492786541581
227441287,0.8494042754173279,-0.3900499939918518
20707060,0.4416183829307556,-0.32686901092529297
192406867,0.7826008200645447,-0.5165306329727173
388768535,0.6451091766357422,-0.022916749119758606
2315428177,0.7176957726478577,-0.1337951421737671
1652541,-0.9229810833930969,0.051751285791397095
256883732,-0.8456699848175049,0.13575874269008636
162561603,-0.8856948614120483,-0.09620024263858795
1291274232,-0.6742013096809387,0.7228667736053467
14968480,-0.7055516839027405,0.037109971046447754
198730266,-0.8060845136642456,0.29650571942329407
285175425,-0.5163018107414246,0.2024586796760559
2389777327,-0.6298946142196655,0.24186581373214722
2761102197,-0.7362088561058044,-0.02855019085109234
865577994,-0.7642713189125061,0.34177860617637634
17709553,-0.4582640528678894,0.022090651094913483
78898625,-0.6809414625167847,0.22053632140159607
280529380,-0.8482849597930908,-0.11056020855903625
66685550,-0.8292736411094666,-0.11650572717189789
2372002118,-0.3997723460197449,0.13819192349910736
14749979,-0.023714423179626465,1.0
16513349,0.5940282940864563,0.644158661365509
56709136,0.6909417510032654,-0.6440972089767456
328967731,0.6395009756088257,-0.6442687511444092
235519831,-0.836489200592041,0.28401175141334534
24875893,0.8230571150779724,0.4020098149776459
18580155,0.22574973106384277,-0.3798854947090149
9554732,0.6065331697463989,-0.45797011256217957
468461679,0.6140642762184143,-0.3091758191585541
2461166612,0.33858227729797363,0.9316535592079163
495121007,0.7758015990257263,-0.4999615550041199
64094267,0.2522662281990051,-0.26552608609199524
2951224168,0.4807577133178711,-0.7385298013687134
2807772065,-0.21739669144153595,0.9355441331863403
2875534515,0.44013121724128723,-0.6471746563911438
505322398,-0.4387321174144745,-0.7666601538658142
58104347,0.6965163946151733,-0.6092018485069275
14662121,0.888721227645874,-0.3686913549900055
841058988,0.4503863751888275,-0.6432522535324097
2252446281,0.8576041460037231,-0.24535204470157623
703306700,0.15994825959205627,0.274623304605484
2824442646,-0.3620947599411011,0.41664037108421326
326466265,0.15920330584049225,0.11441764235496521
179324508,0.12169314175844193,0.08796973526477814
1663914396,-0.430716335773468,0.2463419884443283
2578182110,0.24597367644309998,0.12553824484348297
2935553688,0.16078707575798035,0.31518009305000305
46991806,0.06685134768486023,0.18004663288593292
1415442320,0.8968097567558289,0.30193838477134705
2360490967,0.9674238562583923,0.017058705911040306
38233752,-0.17532914876937866,-0.5709999203681946
36226017,-0.19665375351905823,-0.20623460412025452
20527491,-0.3761562407016754,-0.37546300888061523
509601309,-0.12328681349754333,-0.35689061880111694
930970945,-0.3576723635196686,-0.2870570123195648
2208746299,-0.2713351845741272,-0.8355714082717896
229482248,-0.22138550877571106,-0.22052422165870667
1370664036,0.7485783100128174,0.5615800619125366
701094366,-0.5072910785675049,-0.543095052242279
18142983,-0.07940485328435898,-0.42858803272247314
277264910,-0.2330850511789322,-0.7796823382377625
570620958,-0.7442759871482849,0.6033373475074768
81965147,-0.4804903268814087,0.45867839455604553
139849976,-0.29711809754371643,0.40461599826812744
339113547,0.04014383256435394,0.2998565435409546
370463360,-0.6588386297225952,0.3757080137729645
591948005,0.8336353898048401,0.2235243171453476
420108261,-0.04123130813241005,0.20847992599010468
106326344,-0.48955038189888,0.6941018104553223
2557039222,-0.009274501353502274,0.3627682030200958
2440172357,-0.014834838919341564,0.46812260150909424
2344267592,-0.002510300138965249,0.2520967721939087
356235103,-0.6090331077575684,0.3238431513309479
6975782,0.03348742052912712,0.23345068097114563
2891832976,-0.42289865016937256,0.8512120842933655
446724878,-0.1788819134235382,-0.8469468951225281
2307632874,0.7528756260871887,-0.33899012207984924
1299769218,-0.8014456033706665,-0.45327967405319214
49041015,-0.7356303930282593,-0.3762286603450775
410980333,-0.624728262424469,-0.5338401794433594
836273251,-0.5851144790649414,-0.3862406611442566
22769015,-0.6647066473960876,-0.17073436081409454
981490286,-0.4067157208919525,-0.21112942695617676
90965032,-0.756729006767273,-0.1935875117778778
22085760,-0.6203888654708862,-0.13015469908714294
51573035,-0.4867776036262512,-0.4217495024204254
1907952499,-0.5427240133285522,-0.4637517035007477
20846945,-0.5577754378318787,-0.5314396023750305
2243504739,0.16724878549575806,0.9768184423446655
224780169,-0.7209534645080566,-0.2162168323993683
17664062,0.10702784359455109,0.9611982703208923
1731401833,-0.702816903591156,-0.1492912620306015
2653260771,-0.7240571975708008,-0.12824158370494843
2330673502,-0.4977334439754486,-0.15869545936584473
80240161,-0.6416709423065186,-0.16662746667861938
621289237,-0.5809220671653748,-0.5655771493911743
21651982,0.6356393098831177,0.6390690207481384
25484835,-0.45770367980003357,0.848296582698822
1670896333,-0.0025953196454793215,0.21539267897605896
1611306366,-0.09504221379756927,-0.1641656905412674
2434619407,0.37320655584335327,-0.3824172616004944
15917486,0.028528712689876556,-0.5332949161529541
2288799413,0.6060065627098083,0.825251579284668
242833879,0.5395791530609131,0.7399188876152039
2535748428,0.6814460754394531,0.5047830939292908
533578801,-0.12323954701423645,-0.5917239785194397
2396286874,0.957298219203949,0.19646400213241577
2869574487,0.8557937741279602,-0.19398078322410583
258730076,0.18777339160442352,0.49246788024902344
614259648,0.0776250809431076,0.14836940169334412
12895152,0.5628785490989685,0.7569336295127869
2905232597,0.010478446260094643,0.5569015145301819
163017135,-0.11289604753255844,0.704524040222168
263794723,0.04702422767877579,0.3045969307422638
248447552,0.14193008840084076,0.6339410543441772
33043866,0.92460697889328,0.3024509847164154
70119298,-0.03754878789186478,0.6737366318702698
19952601,0.257678747177124,-0.7659661173820496
138831539,0.0956721305847168,0.4913893938064575
479597669,0.11185244470834732,0.4751952290534973
134970599,0.6661359667778015,-0.22570061683654785
152396951,0.6598464846611023,-0.5298625826835632
14704816,-0.8436737060546875,-0.06558839231729507
1698582715,0.3402751386165619,0.6886793375015259
117333411,0.6038198471069336,-0.6987635493278503
2832479888,0.18314796686172485,0.7216140627861023
17999859,0.22564776241779327,0.8899285197257996
20491503,0.01693110354244709,0.7555289268493652
28855043,0.2563326954841614,0.8108221292495728
241911475,0.4298567771911621,-0.5047321319580078
1431151166,0.6248698830604553,-0.1897566318511963
92521568,0.26722630858421326,-0.19742970168590546
260413367,0.2800537943840027,-0.375476598739624
18379848,0.30016982555389404,0.8143181800842285
2958452794,-0.033179979771375656,0.6824657917022705
178288356,0.042009491473436356,0.5253352522850037
2948856917,-0.5837020874023438,0.33629170060157776
2942756176,-0.44622156023979187,0.5014587044715881
370775638,-0.36403778195381165,0.3062741160392761
1337411749,-0.3032618463039398,0.21992112696170807
495504874,-0.4717783033847809,0.13414651155471802
433683299,-0.7190089225769043,0.5756772756576538
437325585,-0.532056987285614,0.13185350596904755
18456360,-0.41734999418258667,0.4747443199157715
14364132,0.08628740906715393,0.9270967245101929
52088553,-0.6413534879684448,0.4674062728881836
75570359,-0.6722302436828613,0.5247085690498352
48514726,-0.795982837677002,0.2384147346019745
1407027576,-0.7255167961120605,0.6097902059555054
395175296,-0.43575501441955566,0.16979685425758362
605484104,-0.7880141139030457,0.24666054546833038
128750531,-0.42813414335250854,0.31932559609413147
425927063,-0.4750138819217682,0.7332854866981506
18466590,-0.4608045518398285,0.044335272163152695
1655525964,0.7779503464698792,0.6805760860443115
113028815,-0.8892454504966736,0.10429973900318146
884264040,-0.7476884126663208,-0.32313603162765503
18904196,-0.6170786023139954,0.42582517862319946
363222560,-0.5121781229972839,0.561021625995636
15507696,-0.3126978874206543,0.05990895256400108
253646082,-0.37350669503211975,0.29434487223625183
302174491,0.5434730648994446,0.8275763392448425
88650307,-0.8145824670791626,0.039760466665029526
21509847,-0.058641217648983,-0.8481740355491638
51109691,-0.14655642211437225,-0.2684483826160431
161611216,-0.4133032262325287,-0.04378840699791908
324529622,-0.26728788018226624,0.13811378180980682
110856651,-0.6997781991958618,0.42470642924308777
103922613,-0.6798819303512573,-0.005770237650722265
260864726,-0.4567294120788574,0.14191368222236633
206330242,-0.6897090673446655,-0.33357396721839905
14511951,0.9023979902267456,-0.31905969977378845
195156866,0.6674513816833496,-0.05881163850426674
356446544,0.5884677171707153,-0.4184902608394623
291998429,0.5334018468856812,-0.3255981206893921
2902306568,0.8745496273040771,-0.07001891732215881
56937357,0.8176085352897644,-0.05325627699494362
22824100,0.7910876274108887,-0.09887677431106567
2323975734,0.5034080147743225,-0.2967406213283539
1549284001,0.6122371554374695,-0.18446867167949677
107273605,0.6826603412628174,-0.3592589795589447
1202792317,0.5146079659461975,-0.024831881746649742
1271386550,0.5842850208282471,-0.32301369309425354
1165979425,0.2991850674152374,0.923448920249939
42971403,-0.8453178405761719,-0.10049203783273697
122115502,0.06406474858522415,0.9441697597503662
703412659,0.6993841528892517,-0.5600300431251526
72194597,-0.599105715751648,0.7243607640266418
418243137,-0.8506621718406677,0.11193034052848816
135467607,-0.60174959897995,-0.7027697563171387
1324697617,0.43111324310302734,-0.8170721530914307
195059447,0.18586300313472748,0.5731137990951538
31882493,-0.0375337228178978,0.7949833869934082
112463393,0.28281140327453613,0.9691172242164612
156357436,0.0512380376458168,-0.8828032612800598
17893690,0.239206463098526,-0.8768697381019592
33300564,0.477613627910614,-0.6847767233848572
202740010,0.31769880652427673,0.49242329597473145
119068614,0.6578694581985474,0.7824329137802124
434988195,-0.8727977871894836,0.3395429849624634
152407619,0.5245065689086914,0.6038275957107544
14809759,-0.024957487359642982,0.6110867857933044
495085031,0.258995920419693,0.7043789029121399
136773304,0.07452777773141861,0.7212522029876709
435290720,0.06689047813415527,0.6200525164604187
255180467,0.24016505479812622,0.05565832182765007
594155937,0.03991493210196495,-0.28926295042037964
1228556048,-0.11188666522502899,-0.6460341215133667
2371695217,0.20487762987613678,-0.5859658718109131
203122412,0.27309373021125793,-0.7002958655357361
275553430,-0.04916229844093323,-0.7876171469688416
61731433,-0.11622790992259979,-0.582582950592041
987503203,-0.29038652777671814,-0.6444814205169678
886911072,-0.10829450190067291,-0.6312807202339172
252682590,-0.03310732915997505,-0.803367555141449
149050232,0.13963913917541504,-0.5887624621391296
149286219,0.4666951298713684,0.8956641554832458
849008012,0.22662991285324097,-0.4645867645740509
438440486,0.11629757285118103,-0.413129985332489
160653702,-0.46778249740600586,-0.6049731373786926
